session_id,start_time,end_time,segment_start_m,segment_end_m,distance_m,drop_m,avg_grade_pct,steepest_100m_grade_pct,avg_speed_mps,max_speed_mps,avg_speed_mph,max_speed_mph,brake_fraction,avg_brake_signal,avg_power_proxy_W,max_power_proxy_W,energy_proxy_kJ
7,2026-07-25 14:10:19+00:00,2026-07-25 14:26:39+00:00,660.0,1330.0,670.0,16.19176563302213,-2.4166814377644967,-6.012106884322691,8.733279806229609,12.644582989360467,19.535790547220852,28.285126586794174,0.08823529411764706,0.0,609.0841383366649,1805.244228051733,44.63438306164513
7,2026-07-25 14:10:19+00:00,2026-07-25 14:26:39+00:00,3630.0,3960.0,330.0,6.062298313615031,-1.837060095034858,-2.7068184096191885,7.473853359185099,9.145662476191616,16.718533820653853,20.458264307873158,0.0,0.0,366.5270590248706,628.8222212080318,16.71139215429433
7,2026-07-25 14:10:19+00:00,2026-07-25 14:26:39+00:00,4950.0,5390.0,440.0,8.77284665159226,-1.9938287844527864,-3.634764554874039,7.028225009708729,9.544625546123582,15.721691592941859,21.35071927819341,0.3111111111111111,0.0,386.845740099953,749.0388116769125,24.183316808245742
9,2026-07-25 14:26:41+00:00,2026-07-25 14:28:19+00:00,190.0,610.0,420.0,13.532030988684056,-3.2219121401628708,-5.603857757699927,7.997600475380791,9.673657082427523,17.890122752730832,21.63935460457123,0.3023255813953488,0.0,650.4499458431854,1339.3516285125265,37.30253194371635
21,2026-07-25 14:43:08+00:00,2026-07-25 14:54:56+00:00,50.0,610.0,560.0,11.266798543104755,-2.011928311268706,-3.001690725238575,14.892750558121538,16.292260398505437,33.31413421197552,36.444748565017534,0.07017543859649122,0.0,811.2503470771626,1335.038038262569,31.058169531908003
21,2026-07-25 14:43:08+00:00,2026-07-25 14:54:56+00:00,2540.0,3050.0,510.0,14.528057121349747,-2.8486386512450483,-4.960077599593461,7.327660702409095,8.644504791807627,16.391510161079758,19.337206495632667,0.07692307692307693,0.0,525.025559760769,788.5101702785466,40.04818754128393
21,2026-07-25 14:43:08+00:00,2026-07-25 14:54:56+00:00,3560.0,3920.0,360.0,6.128617738541948,-1.7023938162616523,-2.5830320197263745,14.729948679580417,15.876053213219931,32.94995678145226,35.51371960723857,0.0,0.0,667.7104270330926,1044.0650601268555,16.89420894424212
21,2026-07-25 14:43:08+00:00,2026-07-25 14:54:56+00:00,4750.0,5120.0,370.0,5.124833741013219,-1.385090200273843,-1.7884223926508014,14.430302498204815,15.028055197166903,32.27966736355766,33.616802069539425,0.0,0.0,540.9962666861478,725.5929730221428,14.127167938814452
23,2026-07-25 14:54:58+00:00,2026-07-25 14:59:11+00:00,1810.0,2530.0,720.0,13.949493450370795,-1.9374296458848326,-4.031859359868548,15.973141077644112,16.9702921300783,35.73089897468708,37.96146235253735,0.0,0.0,826.5828475326562,1751.9449880766788,38.45331314022664
27,2026-07-25 15:00:35+00:00,2026-07-25 15:03:21+00:00,50.0,920.0,870.0,23.128481750226115,-2.6584461781869098,-3.843197778270337,19.370976982440254,20.814139225247665,43.331641424571075,46.5599034208296,0.0,0.0,1383.5379690273412,1911.0665114132353,63.756204077490814
31,2026-07-25 15:03:48+00:00,2026-07-25 15:13:52+00:00,2280.0,2860.0,580.0,8.822703120351264,-1.5211557104053903,-2.276416092173463,19.279894335638065,20.467170370275507,43.12789534636289,45.78375619692982,0.0,0.0,797.921118174704,1236.0237794145255,24.320751648591497
37,2026-07-25 15:17:34+00:00,2026-07-25 15:20:56+00:00,960.0,1410.0,450.0,6.729576043368809,-1.4954613429708463,-2.115120578282614,21.79089695092211,23.5203281024315,48.744848225935286,52.61347553335607,0.0,0.0,880.2522990801671,1287.9455069208195,18.550816616910893
39,2026-07-25 15:20:58+00:00,2026-07-25 15:24:37+00:00,50.0,420.0,370.0,6.3451592882440195,-1.714907915741627,-2.226711376487799,20.856585298612277,21.141348986978528,46.654852582794106,47.29185081195984,0.0,0.0,946.978166674047,1275.1307311701498,17.491129545566345
39,2026-07-25 15:20:58+00:00,2026-07-25 15:24:37+00:00,2060.0,2640.0,580.0,9.725365008670792,-1.6767870704604813,-2.2958622941969224,18.031902563695883,20.40486449115926,40.33621725952014,45.64438191472633,0.23728813559322035,0.0,824.4928964804125,1274.2589283439352,26.809038436551994
41,2026-07-25 15:24:39+00:00,2026-07-25 15:25:34+00:00,160.0,860.0,700.0,30.035065425601744,-4.29072363222882,-5.574535079879638,18.286868634867023,22.944780851836267,40.90656011736539,51.32601300070747,0.04225352112676056,0.0,2207.3856568372926,3276.794996474891,82.79496170286802
43,2026-07-25 15:25:36+00:00,2026-07-25 15:28:00+00:00,50.0,430.0,380.0,6.367276493758936,-1.6755990773049831,-3.289384411184926,24.396201767976695,24.799977316489027,54.572749123068846,55.47596930138025,0.0,0.0,1086.017358451453,2226.6433330211107,17.55209805546082
43,2026-07-25 15:25:36+00:00,2026-07-25 15:28:00+00:00,1420.0,1700.0,280.0,6.399621408555589,-2.285579074484139,-2.906217057321811,15.70160661084741,16.15715130871264,35.1234936713659,36.14251813867358,0.3793103448275862,0.0,923.4562677904556,1281.453406991388,17.641260371038424
53,2026-07-25 15:31:21+00:00,2026-07-25 15:41:25+00:00,1350.0,1790.0,440.0,5.499133078190738,-1.2498029723160768,-1.916405632869754,13.495136606493988,14.361902097887226,30.187760841298292,32.1266600256962,0.1111111111111111,0.0,443.4161529306417,699.1851991417075,15.15896523467137
53,2026-07-25 15:31:21+00:00,2026-07-25 15:41:25+00:00,2780.0,3310.0,530.0,14.838744200583875,-2.799763056713939,-4.226459636300177,19.845365182009093,20.973524934794646,44.39281760470896,46.916439098950086,0.16666666666666666,0.0,1506.5446040967101,2442.339111110401,40.90463065077152
53,2026-07-25 15:31:21+00:00,2026-07-25 15:41:25+00:00,6330.0,6750.0,420.0,5.775954911667071,-1.3752273599207312,-1.8315102162602557,18.327780065745188,18.984042780658406,40.99807638185663,42.46609426596816,0.0,0.0,673.244071058294,925.203370283964,15.922055069050566
55,2026-07-25 15:41:27+00:00,2026-07-25 15:42:17+00:00,50.0,290.0,240.0,5.64491909651494,-2.3520496235478916,-2.9767361233518557,20.70878564126259,21.54220656354734,46.32423416531539,48.188543672931594,0.0,0.0,1255.2096631973152,1705.6173735433258,15.560840430644049
59,2026-07-25 15:43:35+00:00,2026-07-25 15:45:31+00:00,1610.0,1860.0,250.0,6.558935598495168,-2.623574239398067,-3.850207657323324,18.124070015751762,20.905944429548168,40.54238997797012,46.76526581412887,0.0,0.0,1229.9265535318214,1992.5093171428164,18.080427460167765
63,2026-07-25 15:46:24+00:00,2026-07-25 15:47:38+00:00,290.0,590.0,300.0,6.141984295860311,-2.047328098620104,-2.6483332917054554,16.170453957433516,17.758377195515003,36.172275316377764,39.72435843663879,0.0,0.0,899.5309211374736,1198.9853575957502,16.931055329811493
73,2026-07-25 15:52:06+00:00,2026-07-25 15:56:59+00:00,2240.0,5750.0,3510.0,87.74282057478422,-2.4997954579710604,-3.9403943857226977,22.79265010633495,25.29807223831298,50.985706214958284,56.59017590889625,0.20738636363636365,0.0,1569.0819539874371,2649.923816108877,241.87273662465591
75,2026-07-25 15:57:01+00:00,2026-07-25 15:57:40+00:00,50.0,780.0,730.0,13.650586849926924,-1.8699434040995788,-2.72371414281713,22.78174961949186,22.98694949292982,50.96132252033791,51.42034156435626,0.0,0.0,1157.282898910211,1723.1143372070635,37.629344216377056
77,2026-07-25 15:57:42+00:00,2026-07-25 16:03:10+00:00,3310.0,4090.0,780.0,9.964037983610325,-1.277440767129529,-2.135143374957181,20.120384743843374,21.033181038056203,45.008018843600965,47.049886001378404,0.0,0.0,691.5147799304069,1150.5979607801075,27.46696674600006
77,2026-07-25 15:57:42+00:00,2026-07-25 16:03:10+00:00,4450.0,5280.0,830.0,21.16331431329536,-2.5497969052163083,-4.176635038724811,22.5112447072662,24.62368229541937,50.35622026500135,55.081608570641045,0.0,0.0,1586.3464378413187,2688.9599802186713,58.339003869173126
79,2026-07-25 16:03:12+00:00,2026-07-25 16:10:33+00:00,2750.0,3470.0,720.0,10.117158781603678,-1.4051609418893998,-2.5198956462564297,16.618459896791883,17.67522400221256,37.17443606118442,39.53835004074033,0.1780821917808219,0.0,637.0322929572579,1221.8842238610848,27.889061068956515
89,2026-07-25 16:14:12+00:00,2026-07-25 16:20:51+00:00,1600.0,2010.0,410.0,9.685187746019835,-2.362240913663374,-3.018607146082985,18.984013213005735,20.005474345343472,42.466028125012826,44.7509716028621,0.0,0.0,1189.8113426412922,1621.0564306847434,26.69828539255574
89,2026-07-25 16:14:12+00:00,2026-07-25 16:20:51+00:00,5960.0,6710.0,750.0,7.075207463708097,-0.9433609951610796,-1.4188659089665236,18.57152924268658,19.254702551354978,41.54332776191522,43.071542929838444,0.0,0.0,473.18823860723415,709.0934531782511,19.503587646532377
91,2026-07-25 16:20:53+00:00,2026-07-25 16:31:34+00:00,8770.0,9880.0,1110.0,12.168424311446671,-1.096254442472673,-1.7567453784860732,18.36551293928818,19.42382111915576,41.08248241608845,43.44985039181228,0.0,0.0,548.9417304274426,902.9103803337262,33.54360014117701
97,2026-07-25 16:36:22+00:00,2026-07-25 16:41:51+00:00,2520.0,3110.0,590.0,6.457777509075697,-1.0945385608602876,-1.4030074804896913,11.647382809436383,12.229225969453337,26.05445331387881,27.35599939480435,0.0,0.0,345.1017155858672,454.07692292309247,17.80157405929316
99,2026-07-25 16:41:53+00:00,2026-07-25 16:48:37+00:00,50.0,490.0,440.0,13.385562505625302,-3.042173296733023,-4.4515509777312445,17.064780962770225,18.72639133514424,38.17282785157978,41.88974439679724,0.0,0.0,1395.7172942739255,2171.604463232878,36.89877545863177
99,2026-07-25 16:41:53+00:00,2026-07-25 16:48:37+00:00,1720.0,2160.0,440.0,13.01220997716382,-2.957320449355414,-3.9842382873769395,18.14797311139696,20.115179386994306,40.59585968011131,44.99637479195219,0.0,0.0,1426.5424258246192,2031.0633554595759,35.86958814514956
99,2026-07-25 16:41:53+00:00,2026-07-25 16:48:37+00:00,3830.0,4360.0,530.0,12.839416702727561,-2.422531453344823,-3.6578896282690607,19.08164020160133,20.4660918224361,42.6844134788863,45.78134355412513,0.0,0.0,1245.262615555654,1942.3005734448325,35.39326447690583
99,2026-07-25 16:41:53+00:00,2026-07-25 16:48:37+00:00,5590.0,6020.0,430.0,5.505543157615506,-1.280358873864071,-2.2508143757809194,19.953281946335753,20.824970556566957,44.63422053135235,46.58413241894899,0.0,0.0,670.128925091866,1251.1214361170864,15.17663532371448
101,2026-07-25 16:48:39+00:00,2026-07-25 16:51:01+00:00,120.0,1160.0,1040.0,16.94997132885436,-1.6298049354667654,-3.301311283802704,20.182648164505572,21.409017052317935,45.147298148947684,47.89060722154155,0.0,0.0,904.2689401904594,1869.1863312534604,46.724460464833214
103,2026-07-25 16:51:03+00:00,2026-07-25 16:54:26+00:00,3240.0,3790.0,550.0,8.756544384396932,-1.5920989789812605,-2.130861570490339,18.9860474109668,19.86887687015697,42.47057849625716,44.445411753214415,0.0,0.0,816.8208109693605,1134.8872382292302,24.138377815472428
105,2026-07-25 16:54:28+00:00,2026-07-25 16:56:31+00:00,1420.0,2000.0,580.0,11.538572099378086,-1.989408982651394,-2.5711902521974537,19.854473996437594,20.31258408771024,44.41319344228166,45.43795653120579,0.0,0.0,1063.005908743229,1417.7449512488113,31.80734323486663
107,2026-07-25 16:56:33+00:00,2026-07-25 16:58:31+00:00,570.0,1130.0,560.0,14.372120474262516,-2.566450084689735,-3.5344032046804443,17.771971719966356,19.02949843415417,39.754768521757235,42.56777566695189,0.0,0.0,1227.256053270906,1806.5949403129844,39.618331020556795
113,2026-07-25 17:02:30+00:00,2026-07-25 17:06:48+00:00,220.0,730.0,510.0,5.944071100417062,-1.1655041373366788,-1.613319216193105,16.935368049385133,17.70793138153367,37.883339408968176,39.611514364561714,0.0,0.0,531.8316671547942,742.1455352406001,16.38548583612068
113,2026-07-25 17:02:30+00:00,2026-07-25 17:06:48+00:00,1890.0,2340.0,450.0,5.707389653267228,-1.268308811837162,-1.5539549584653685,16.60373095626293,16.82779452398916,37.14148835957169,37.64270428594568,0.0,0.0,567.0579251046594,716.3594621205095,15.733047392092974
113,2026-07-25 17:02:30+00:00,2026-07-25 17:06:48+00:00,3070.0,3520.0,450.0,5.433092250884613,-1.2073538335299139,-1.654513285849987,16.478869338689297,16.8165326390031,36.86218087573662,37.61751216670343,0.0,0.0,533.3973326007093,764.9496792788726,14.976916429711032
119,2026-07-25 17:09:53+00:00,2026-07-25 17:12:40+00:00,260.0,1320.0,1060.0,14.722199335425302,-1.388886729757104,-2.3188660415829645,17.122629156957665,18.280032236559396,38.302230576587476,40.89126752988412,0.0,0.0,651.3628725432719,1144.9290175629478,40.583361910026746
121,2026-07-25 17:12:42+00:00,2026-07-25 17:17:13+00:00,350.0,870.0,520.0,6.591477655201203,-1.2675918567694622,-1.8043758663581855,16.487167752293516,17.152156342723984,36.88074389829437,38.36828101003039,0.0,0.0,567.6564003061272,837.3735964311967,18.170133219104187
121,2026-07-25 17:12:42+00:00,2026-07-25 17:17:13+00:00,3190.0,3500.0,310.0,7.875171318926846,-2.5403778448151115,-3.3416295948489108,17.296149146000594,17.82901440635103,38.690383737474484,39.88236937712739,0.0,0.0,1148.2702706465775,1571.5357268631376,21.70877600946693
123,2026-07-25 17:17:15+00:00,2026-07-25 17:21:04+00:00,100.0,920.0,820.0,6.424781077429969,-0.7835098874914596,-1.2392090345517488,16.515870572878963,17.345428050795096,36.94495027934629,38.800617508042,0.0,0.0,350.1311676747271,546.9544179679848,17.71061576585423
123,2026-07-25 17:17:15+00:00,2026-07-25 17:21:04+00:00,1400.0,1830.0,430.0,10.732233566719117,-2.495868271330027,-5.721066275274836,17.90888450265495,19.04547314722376,40.06103369419951,42.6035100823724,0.0,0.0,1224.3922897031816,2963.7987928987836,29.584582372353587
125,2026-07-25 17:21:06+00:00,2026-07-25 17:25:56+00:00,570.0,1040.0,470.0,5.817800123267489,-1.2378298134611678,-1.5581582545750052,16.78630656332759,17.349906685624227,37.549898361058496,38.810635928830145,0.0,0.0,560.5095868186642,735.9979206669418,16.037405997800395
133,2026-07-25 17:31:33+00:00,2026-07-25 17:33:48+00:00,780.0,1290.0,510.0,7.094749288427522,-1.391127311456377,-2.2634946850673714,16.892134313806274,18.244329006563593,37.78662829681074,40.81140167896294,0.0,0.0,631.9579711328043,1080.02447011533,19.557456835972193
139,2026-07-25 17:35:57+00:00,2026-07-25 17:38:19+00:00,920.0,1330.0,410.0,5.806141948031723,-1.4161321824467616,-1.805166657191677,16.47147452804219,17.04730725962236,36.845639155427236,38.13374029085174,0.0,0.0,623.8780920057884,813.312126782179,16.00526895536373
141,2026-07-25 17:38:21+00:00,2026-07-25 17:42:34+00:00,1680.0,2110.0,430.0,7.200584307996792,-1.6745544902318121,-2.4204190723776833,16.519052837507783,17.496467642820612,36.952068802585416,39.13848345298097,0.0,0.0,741.3961988469888,1105.8137621196363,19.849202709267036
141,2026-07-25 17:38:21+00:00,2026-07-25 17:42:34+00:00,3470.0,3850.0,380.0,5.845248958686454,-1.5382234101806458,-2.038291342978596,16.322332785929973,16.96512101096121,36.512018579836194,37.949894888513796,0.0,0.0,674.7844738547096,924.1384304043072,16.113071732004666
163,2026-07-25 18:09:45+00:00,2026-07-25 18:12:34+00:00,1800.0,2380.0,580.0,11.004250595476748,-1.8972845854270255,-2.6037635534752326,17.29702958976303,18.3576615209089,38.692353234079796,41.06491929337173,0.0,0.0,879.9961908533276,1240.0366811527604,30.334427233997157
171,2026-07-25 18:25:26+00:00,2026-07-25 18:30:12+00:00,1980.0,2820.0,840.0,10.464401873933241,-1.2457621278491953,-1.9603010651786406,14.865309838747413,15.841670623326095,33.25275107092746,35.436807944090226,0.0,0.0,499.9408911984956,839.9043457831168,28.846274849703114
171,2026-07-25 18:25:26+00:00,2026-07-25 18:30:12+00:00,3020.0,3460.0,440.0,12.844935893754297,-2.919303612216886,-3.6134045686179945,10.180508720457123,15.389684130471274,22.773149428366864,34.42574295470489,0.15555555555555556,0.0,779.0354258759878,1299.2913458315059,35.40847873408203
173,2026-07-25 18:30:14+00:00,2026-07-25 18:34:52+00:00,1800.0,2120.0,320.0,7.099240489512852,-2.218512652972766,-3.6569488021102643,13.245371790824727,15.246945112443852,29.629052860649445,34.10644486498714,0.21212121212121213,0.0,784.9071744451742,1388.504343180342,19.569837325796023
177,2026-07-25 18:37:00+00:00,2026-07-25 18:45:10+00:00,3510.0,4380.0,870.0,23.172988885647925,-2.663561940879072,-3.5442069116206483,20.25994759990767,21.682598520620825,45.32021206135395,48.50259153682182,0.0,0.0,1469.6771046732326,1965.869563444815,63.878892892065934
179,2026-07-25 18:45:12+00:00,2026-07-25 18:47:17+00:00,280.0,570.0,290.0,8.677278692726759,-2.992165066457503,-3.5492447266257727,8.96448447700498,11.353788805213206,20.052980666170768,25.39770223070241,0.3,0.0,731.4906872942413,1004.9563235589155,23.91987321715751
220,2026-07-25 19:41:20+00:00,2026-07-25 19:42:15+00:00,110.0,320.0,210.0,8.601831984402622,-4.096110468763153,-5.711325324843074,12.595442923530738,14.761634420327836,28.17520339014571,33.02083576487078,0.0,0.0,1286.7240844438982,2034.0761813673948,23.711896066524115
224,2026-07-25 19:44:04+00:00,2026-07-25 19:47:21+00:00,660.0,880.0,220.0,8.142187784495576,-3.700994447497989,-5.120316778826293,7.062173564667423,8.563527770045118,15.797632347591765,19.15606605682963,0.391304347826087,0.0,706.0743460497479,1165.2730733377723,22.44483626861835
226,2026-07-25 19:47:23+00:00,2026-07-25 19:49:37+00:00,410.0,1050.0,640.0,11.881029632829723,-1.8564108801296442,-3.4878136146845407,8.52662978349664,9.788378129472965,19.073527611615607,21.89597827816966,0.09230769230769231,0.0,391.2230416059283,827.2018496358572,32.75136509615474
238,2026-07-25 19:54:35+00:00,2026-07-25 20:04:29+00:00,1290.0,1630.0,340.0,5.241302122297952,-1.541559447734692,-2.450320722719084,8.852431936163619,9.548918897259098,19.80232627094582,21.36032323116298,0.0,0.0,363.18526300496734,644.7501816076839,14.448225843347759
238,2026-07-25 19:54:35+00:00,2026-07-25 20:04:29+00:00,3250.0,3590.0,340.0,11.35923448486065,-3.340951319076662,-6.649511557576005,12.760458826291432,14.431596161924672,28.544333451797225,32.28256120688232,0.0,0.0,1074.5503547230549,2191.4204501080167,31.31297937331172
238,2026-07-25 19:54:35+00:00,2026-07-25 20:04:29+00:00,4430.0,4720.0,290.0,5.368587249895825,-1.8512369827226982,-2.718707206077937,9.403239244088107,10.990617708888248,21.034447127970893,24.585311625107927,0.06666666666666667,0.0,457.07218936033877,716.4076245070705,14.79910129893533
246,2026-07-25 20:08:05+00:00,2026-07-25 20:13:38+00:00,1620.0,2400.0,780.0,11.264578597483506,-1.4441767432671162,-2.0925660170430262,13.595473768780233,14.31617307241352,30.412208681058143,32.02436710901378,0.0,0.0,536.1089642824592,807.9524547019349,31.05205000760901
252,2026-07-25 20:22:05+00:00,2026-07-25 20:28:47+00:00,2730.0,3150.0,420.0,8.150742690778344,-1.9406530216138913,-2.830549706224531,17.211391650440888,17.838295984907877,38.50078661963334,39.903131677048755,0.0,0.0,893.0971025390002,1325.1355848140663,22.468418808826492
260,2026-07-25 20:37:59+00:00,2026-07-25 20:41:25+00:00,470.0,1140.0,670.0,7.395591020545794,-1.1038195553053423,-1.3858002154790938,15.417731192823897,15.677209179355485,34.48848244636699,35.0689181714287,0.0,0.0,460.3254097559625,585.7925046032985,20.38676016314674
266,2026-07-25 20:45:41+00:00,2026-07-25 20:56:52+00:00,4120.0,4570.0,450.0,5.686435374797185,-1.2636523055104856,-1.6365905081270853,16.207059237234823,16.90859624331529,36.254158995246115,37.823452584366706,0.0,0.0,550.8377685145108,744.0033099322866,15.675284618519669
278,2026-07-25 21:29:35+00:00,2026-07-25 21:33:07+00:00,1040.0,1240.0,200.0,8.439197679013631,-4.219598839506816,-5.3376948376287885,5.4674766223668385,10.879402473518269,12.230396882531403,24.33653022887945,0.8095238095238095,0.0,528.1511571110076,859.3445147932895,23.263576713945767
282,2026-07-25 21:56:37+00:00,2026-07-25 22:06:08+00:00,4530.0,4760.0,230.0,5.403704425725323,-2.3494367068370967,-3.17432832600889,16.962133706907604,17.112513349910895,37.94321247966089,38.27960216068114,0.0,0.0,1028.1262832036043,1481.191207401788,14.895905656998682
288,2026-07-25 22:08:46+00:00,2026-07-25 22:16:57+00:00,250.0,740.0,490.0,26.756422775850098,-5.46049444405104,-14.22860889424774,11.192877335733318,12.373250834673911,25.037753524815045,27.6781738427745,0.08,0.0,1524.210626415715,4234.660878857614,73.75702258813614
295,2026-07-25 22:28:24+00:00,2026-07-25 22:38:03+00:00,1200.0,1580.0,380.0,5.69704823307265,-1.4992232192296446,-2.158149028777075,14.69203927967148,15.512759800109386,32.86515586898595,34.70105538678728,0.0,0.0,591.471435622354,903.3880842350474,15.704540129770397
299,2026-07-25 22:41:27+00:00,2026-07-25 22:44:10+00:00,280.0,710.0,430.0,7.453857917841532,-1.7334553297305888,-2.286067593844024,13.898621402398186,15.83904006439122,31.090330624548557,35.43092355134042,0.0,0.0,646.854060810188,900.1137907963733,20.547379274901143
301,2026-07-25 22:44:12+00:00,2026-07-25 22:45:23+00:00,580.0,1080.0,500.0,10.73636524798053,-2.147273049596106,-3.0706688574136365,16.996234719244203,17.864218378169678,38.01949427175242,39.96111841931299,0.19607843137254902,0.0,982.774842863504,1438.1255503548873,29.595971806235607
305,2026-07-25 22:47:52+00:00,2026-07-25 22:49:37+00:00,1010.0,1540.0,530.0,6.912914175013469,-1.3043234292478243,-1.6076587591330167,15.760463867611357,17.939309701378672,35.25515360507193,40.129092925417574,0.25925925925925924,0.0,564.5080042210348,755.1450442413777,19.05620834398388
313,2026-07-25 22:53:16+00:00,2026-07-25 22:53:55+00:00,50.0,360.0,310.0,9.353647768748772,-3.0173057318544427,-4.3879888055630545,18.49658700884259,19.07250292363265,41.37568675922197,42.66397397018757,0.0,0.0,1449.5623975676133,2154.7555241230984,25.78435897581055
315,2026-07-25 22:53:57+00:00,2026-07-25 22:56:03+00:00,390.0,640.0,250.0,5.07710242053318,-2.0308409682132718,-2.6958284471166962,18.76570322564731,20.232318498407423,41.97768259137283,45.25840752149119,0.0,0.0,976.2184835768132,1386.6316112905831,13.99559130346597
315,2026-07-25 22:53:57+00:00,2026-07-25 22:56:03+00:00,1510.0,1880.0,370.0,12.695718347992539,-3.431275229187173,-5.159621051826207,18.89313183187653,21.4719491827714,42.26273226529288,48.03138238808921,0.0,0.0,1716.989373508151,2739.731795405294,34.99714415525972
317,2026-07-25 22:56:05+00:00,2026-07-25 22:58:22+00:00,100.0,460.0,360.0,7.325670804748626,-2.034908556874618,-2.9955820118766496,17.539742423692445,18.764977189082515,39.235286380843874,41.97605849383168,0.0,0.0,935.7210066303437,1431.6805753978158,20.19401739707811
317,2026-07-25 22:56:05+00:00,2026-07-25 22:58:22+00:00,1010.0,1350.0,340.0,10.958562538473956,-3.223106628962928,-4.746495916005102,19.012205794277865,21.548595220089943,42.52909313322715,48.202834690609215,0.0,0.0,1602.9195075610512,2508.93988399718,30.20848307918269
317,2026-07-25 22:56:05+00:00,2026-07-25 22:58:22+00:00,1670.0,2090.0,420.0,13.639247152384712,-3.247439798186836,-5.10225622814832,19.08372471969194,21.257438683322146,42.68907641305463,47.551536066844456,0.4186046511627907,0.0,1707.3867684176207,2956.407504929334,37.598085092735225
397,2026-07-26 14:14:32+00:00,2026-07-26 14:15:26+00:00,50.0,560.0,510.0,9.322800167895451,-1.8280000329206767,-2.851017831157094,12.881406560672993,13.900775873132437,28.814885828277095,31.09515003832417,0.0,0.0,621.7133525842535,1005.6010858795871,25.69932417082228
399,2026-07-26 14:15:28+00:00,2026-07-26 14:20:09+00:00,340.0,720.0,380.0,7.057981776795799,-1.8573636254725787,-2.8479401514621827,9.649775060522643,11.861582531207798,21.585932043044565,26.533604445257243,0.0,0.0,454.96367221747977,703.2167936710723,19.456103145733067
399,2026-07-26 14:15:28+00:00,2026-07-26 14:20:09+00:00,1620.0,1960.0,340.0,7.420795683517014,-2.182586965740298,-3.2520450947112067,11.750039537277207,13.969857551263425,26.2840898740095,31.2496813512514,0.0,0.0,658.7691970402878,1099.3248772458435,20.456239589139837
401,2026-07-26 14:20:11+00:00,2026-07-26 14:22:35+00:00,640.0,970.0,330.0,16.15960129130343,-4.896848876152555,-7.689101046001014,9.773456901719216,13.128263870001453,21.86260044228529,29.367089902472827,0.0,0.0,1211.6020087029162,1938.0079183675557,44.54571851561995
405,2026-07-26 14:23:11+00:00,2026-07-26 14:29:35+00:00,50.0,270.0,220.0,5.491312823362591,-2.4960512833466324,-3.30082042286989,14.6466479534115,15.652280779316563,32.763618363930526,35.01315492867878,0.0,0.0,916.354151161149,1278.6867762247696,15.137407842009553
407,2026-07-26 14:29:37+00:00,2026-07-26 14:31:52+00:00,420.0,700.0,280.0,12.014422730349139,-4.290865260838978,-6.980289956502787,10.880260833340555,14.387875140776186,24.338450325117563,32.1847600679496,0.0,0.0,1228.5361414761371,2220.1309716688224,33.11907784270774
413,2026-07-26 14:40:18+00:00,2026-07-26 14:42:19+00:00,580.0,940.0,360.0,6.421442641662139,-1.783734067128372,-2.957699861448191,8.660110181665761,9.160176519605201,19.372114758557984,20.49073129832946,0.0,0.0,383.40194117506854,696.058859429331,17.70141300043227
419,2026-07-26 14:44:03+00:00,2026-07-26 14:47:42+00:00,90.0,330.0,240.0,10.332570111156087,-4.305237546315036,-7.991642668732936,12.189545213926976,14.893544972157141,27.2672360726713,33.31591126556268,0.0,0.0,1433.4108770715711,2672.8713343927675,28.482866094113984
437,2026-07-26 15:04:28+00:00,2026-07-26 15:10:08+00:00,240.0,1020.0,780.0,17.8365323888344,-2.2867349216454356,-3.6203409964538196,13.291764566630176,15.790020977633738,29.732830544537798,35.32127097716924,0.0,0.0,818.6079330186577,1418.0011525625478,49.1683635483848
437,2026-07-26 15:04:28+00:00,2026-07-26 15:10:08+00:00,1730.0,2210.0,480.0,13.63077855910845,-2.8397455331475934,-3.710046561835412,11.088792413730648,14.593929290068589,24.80492218533162,32.64569007263017,0.0,0.0,844.3809768329198,1280.7459956749908,37.574740483823945
437,2026-07-26 15:04:28+00:00,2026-07-26 15:10:08+00:00,3290.0,3540.0,250.0,5.087971148941136,-2.0351884595764544,-2.8206371259646232,13.983091124093447,14.434060622841784,31.27928401058842,32.288074048948154,0.0,0.0,732.9192323081062,1088.7918331498138,14.025552148882626
446,2026-07-26 15:15:52+00:00,2026-07-26 15:22:30+00:00,180.0,670.0,490.0,8.95713181278029,-1.8279860842408755,-3.035657042769742,10.308736755659954,12.769467457149881,23.059987373970905,28.564485185106214,0.0,0.0,528.6718555657023,1012.332564391843,24.691319126428276
446,2026-07-26 15:15:52+00:00,2026-07-26 15:22:30+00:00,2770.0,3330.0,560.0,15.242867475638377,-2.7219406206497103,-3.5106998163377057,11.164979875782207,13.958745553621771,24.97534868419427,31.22482452044956,0.0,0.0,814.324025985022,1159.9895645438867,42.01864091201951
448,2026-07-26 15:22:32+00:00,2026-07-26 15:29:19+00:00,220.0,870.0,650.0,6.203347244167674,-0.9543611144873345,-1.5195403911602057,9.355386427188252,10.897653214775648,20.92740342517057,24.377355974354977,0.0,0.0,235.45509489822828,338.04290927389286,17.10020904674505
448,2026-07-26 15:22:32+00:00,2026-07-26 15:29:19+00:00,2790.0,3260.0,470.0,13.953290563445194,-2.968785226264935,-3.9412240262519163,10.08636837519054,11.868267993558595,22.562563473493515,26.548559398618906,0.4166666666666667,22.226237829610625,830.4571584894675,1289.3270604551717,38.463780300098655
450,2026-07-26 15:29:21+00:00,2026-07-26 15:38:12+00:00,490.0,1600.0,1110.0,19.670747146423878,-1.77213938256071,-3.0040101162138626,10.755691110895443,14.382271744119993,24.05979579208895,32.17222562661058,0.0,0.0,541.2870404469179,998.3413168902755,54.22457829130353
450,2026-07-26 15:29:21+00:00,2026-07-26 15:38:12+00:00,2690.0,3300.0,610.0,5.259277340897427,-0.8621766132618733,-1.1078291494461041,9.749616516078063,10.509719177679418,21.809271018428024,23.509572247851242,0.0,0.0,226.66325454192338,290.17970976884726,14.497776510691256
450,2026-07-26 15:29:21+00:00,2026-07-26 15:38:12+00:00,4250.0,5070.0,820.0,17.518417388071896,-2.1363923643990117,-2.9297888755885992,12.893582249162238,15.305876126357338,28.84212206773944,34.23826978873778,0.0,0.0,759.3000112303973,1173.5797799963884,48.291444556132866
454,2026-07-26 15:38:33+00:00,2026-07-26 15:40:32+00:00,50.0,610.0,560.0,7.797922356142806,-1.3924861350255011,-2.166953535400296,11.111779625258254,13.268345191157831,24.856343113050855,29.680442893606457,0.0,0.0,413.36257263708717,687.0771476197046,21.49583074616682
456,2026-07-26 15:40:34+00:00,2026-07-26 15:47:00+00:00,1340.0,2110.0,770.0,35.766038084385116,-4.644940010959106,-19.25918607863224,12.078639241308977,15.15175511217121,27.019146477516504,33.8935108987366,0.0,0.0,1236.4573405749672,4187.970859988149,98.59301824379686
458,2026-07-26 15:47:02+00:00,2026-07-26 15:53:53+00:00,50.0,1010.0,960.0,19.07684743049191,-1.9871716073429073,-3.345848750137634,11.535336034070395,16.01528249405663,25.803811815654964,35.82516663845882,0.0,0.0,657.4771982991065,1312.371898625511,52.587428395368306
458,2026-07-26 15:47:02+00:00,2026-07-26 15:53:53+00:00,1580.0,1890.0,310.0,5.402650417112682,-1.742790457133123,-2.3663103927242446,10.749883670849977,12.470103143051778,24.046804918687315,27.894826286354192,0.0,0.0,487.5696540986993,706.2945035381987,14.89300016631699
458,2026-07-26 15:47:02+00:00,2026-07-26 15:53:53+00:00,2580.0,3440.0,860.0,18.981480737674246,-2.2071489229853776,-3.301411996181457,12.173690705256794,15.932173605767353,27.231770546834273,35.63925735005224,0.0,0.0,756.3372514661665,1340.4220012308388,52.324539616280205
460,2026-07-26 15:53:55+00:00,2026-07-26 15:57:47+00:00,50.0,370.0,320.0,8.101310711551719,-2.531659597359912,-3.014472011440546,13.315427797555918,14.669153359364003,29.78576368458285,32.81396152327309,0.0,0.0,873.0165903439688,1021.6166396271203,22.332154120570582
460,2026-07-26 15:53:55+00:00,2026-07-26 15:57:47+00:00,1020.0,1420.0,400.0,10.467816797057253,-2.6169541992643133,-3.9394912021145387,10.279038693976531,12.552787041586331,22.993554701987588,28.079784899754678,0.0,0.0,757.5362180356091,1347.6995601134247,28.855688460935994
460,2026-07-26 15:53:55+00:00,2026-07-26 15:57:47+00:00,1540.0,1940.0,400.0,9.201118449365197,-2.300279612341299,-3.175494837716542,12.877304515760493,13.929922986910059,28.805709815140688,31.160350274941973,0.0,0.0,786.227863323397,1131.7093738089068,25.363895128704595
496,2026-07-26 16:38:37+00:00,2026-07-26 16:46:36+00:00,320.0,1040.0,720.0,9.54656652541911,-1.3259120174193209,-1.812227426296431,9.369055412397469,9.788858163788385,20.95798007426062,21.897052084351255,0.0,0.0,336.33709957059557,466.0649868894933,26.31616074963557
496,2026-07-26 16:38:37+00:00,2026-07-26 16:46:36+00:00,2060.0,2320.0,260.0,6.764435114083369,-2.601705813108988,-4.865614020973624,8.633206008550346,8.95678573275299,19.311931837308396,20.03575906575025,0.0,0.0,585.4968646665653,1181.7396291171156,18.646909479833358
496,2026-07-26 16:38:37+00:00,2026-07-26 16:46:36+00:00,2420.0,2920.0,500.0,8.464530894372558,-1.6929061788745117,-2.086185395526968,11.328913898418774,12.24579324605396,25.342058648932476,27.39305933709279,0.0,0.0,518.0204251567823,655.7157322684192,23.33341050873634
500,2026-07-26 16:48:47+00:00,2026-07-26 16:51:23+00:00,50.0,1210.0,1160.0,15.822392209515442,-1.3639993284065037,-1.7376581003224487,8.87964602567061,9.629581749201114,19.863202455419223,21.540760892092685,0.0,0.0,329.60125091798,419.2116285971292,43.61616458867236
506,2026-07-26 16:56:48+00:00,2026-07-26 17:11:22+00:00,1540.0,2210.0,670.0,14.906953337336347,-2.224918408557664,-3.8552685402606244,12.434359936653832,14.964939937797404,27.814871010768236,33.47561725527336,0.0,0.0,759.8205746078305,1421.271721503656,41.092656639234754
506,2026-07-26 16:56:48+00:00,2026-07-26 17:11:22+00:00,2520.0,4620.0,2100.0,102.93690741146796,-4.901757495784189,-8.090165103909271,19.54139222184804,22.12450943544735,43.71284945832149,49.49111810005223,0.7488151658767772,37.643182462373815,2651.089674431717,4577.002407544933,283.75690833952666
508,2026-07-26 17:11:24+00:00,2026-07-26 17:18:38+00:00,50.0,1860.0,1810.0,50.55728054606578,-2.793219919672143,-3.821397248512426,18.028512622848158,23.73274624518598,40.328634177809946,53.08864138597436,0.0,0.0,1376.5281850225156,2119.7696625704775,139.3667051260904
508,2026-07-26 17:11:24+00:00,2026-07-26 17:18:38+00:00,2150.0,3280.0,1130.0,47.22310278151414,-4.179035644381782,-6.479771178601908,24.71174103144151,27.244146798101465,55.2785903530814,60.943420718730906,0.5789473684210527,32.09760906638939,2891.537464121149,4598.23505091181,130.1756773585497
512,2026-07-26 17:21:31+00:00,2026-07-26 17:24:28+00:00,1380.0,1680.0,300.0,16.433597025551762,-5.477865675183921,-9.660760055226035,15.613409791107458,16.100993028493317,34.92620300444582,36.01689564355162,0.0,0.0,2241.3110433349425,4162.295063006238,45.30101789660625
512,2026-07-26 17:21:31+00:00,2026-07-26 17:24:28+00:00,1950.0,2270.0,320.0,9.491621449217178,-2.966131702880368,-6.778216347042417,14.256341863868192,14.888982394884513,31.890528507221262,33.305705070876236,0.0,0.0,1135.0953047162839,2751.1003450634953,26.164698603126567
514,2026-07-26 17:24:30+00:00,2026-07-26 17:25:55+00:00,50.0,470.0,420.0,11.915265449346634,-2.836967964130151,-3.4578866401489563,20.71957301070832,21.798905564737442,46.34836482352434,48.76276298482785,0.0,0.0,1550.230759005772,1900.8500340404842,32.84573989032343
518,2026-07-26 17:26:54+00:00,2026-07-26 17:28:24+00:00,200.0,1040.0,840.0,12.807797278216526,-1.524737771216253,-1.7563023877652881,15.813860813469082,16.823958666137965,35.374599171145945,37.63412371630719,0.0,0.0,655.4284424474378,790.3167323593458,35.30610205510445
522,2026-07-26 17:29:05+00:00,2026-07-26 17:33:59+00:00,180.0,510.0,330.0,14.101342615861427,-4.273134126018614,-5.457981458290192,10.736921390256725,14.294148805581118,24.01780912280048,31.97510022723049,0.0,0.0,1181.150058496506,1656.9704607936726,38.87190206830977
522,2026-07-26 17:29:05+00:00,2026-07-26 17:33:59+00:00,1150.0,1870.0,720.0,8.6895064576413,-1.206875896894625,-2.1047794331558407,14.878571413582897,15.960317865423365,33.28241636896675,35.70221426588977,0.0,0.0,483.60501404255126,906.1745483450084,23.95358039619859
522,2026-07-26 17:29:05+00:00,2026-07-26 17:33:59+00:00,3230.0,3750.0,520.0,14.97638858728834,-2.880074728324681,-4.0660700781126025,16.898925087124905,19.00796076274477,37.801818824098305,42.51959726812985,0.0,0.0,1336.4945364335413,1917.3217066881487,41.28406254360492
524,2026-07-26 17:34:01+00:00,2026-07-26 17:36:46+00:00,590.0,1060.0,470.0,10.702581163126638,-2.277144928324817,-2.9223231985831717,16.80251795375465,19.500339225357827,37.58616220864945,43.621016520574955,0.0,0.0,1023.3797403452518,1469.4225753340604,29.502842260086524
524,2026-07-26 17:34:01+00:00,2026-07-26 17:36:46+00:00,2050.0,2610.0,560.0,12.040313665804433,-2.1500560117507916,-2.591005990121289,16.16990807797385,17.25166554221016,36.171054218803356,38.590876749754294,0.0,0.0,931.9518703984216,1146.1909569336544,33.19044905429316
527,2026-07-26 17:36:49+00:00,2026-07-26 17:37:48+00:00,390.0,720.0,330.0,9.779498767536438,-2.963484475011042,-3.667404375985484,11.746111688719552,12.557753340194303,26.275303527021187,28.090894193348028,0.9705882352941176,32.79814754746078,913.9339220875124,1178.112843209303,26.958264097578624
529,2026-07-26 17:37:50+00:00,2026-07-26 17:42:17+00:00,1380.0,1690.0,310.0,6.367642827358907,-2.054078331406099,-3.0865737096744965,14.845205903421869,16.148817943182518,33.20777984838464,36.1238769308843,0.0,0.0,808.347055501604,1316.7003466145702,17.553107894325837
529,2026-07-26 17:37:50+00:00,2026-07-26 17:42:17+00:00,1910.0,2650.0,740.0,12.143852503493292,-1.6410611491207154,-2.2908551673991155,16.395808981731637,17.004902490646597,36.676380148827036,38.03888352417367,0.0,0.0,732.7876523535004,1059.1716518314179,33.475865249654646
529,2026-07-26 17:37:50+00:00,2026-07-26 17:42:17+00:00,2900.0,3470.0,570.0,10.37643520185776,-1.820427228396098,-3.2034320311322517,17.292893737542403,18.305633871973676,38.6831015961489,40.94853675727827,0.0,0.0,845.7935088492515,1499.6499692861203,28.60378504179312
531,2026-07-26 17:42:19+00:00,2026-07-26 17:46:13+00:00,540.0,1770.0,1230.0,25.478161424935877,-2.0713952377996647,-3.683401144963568,15.774052090483108,18.190942415675902,35.28554959395828,40.691979276297204,0.0,0.0,891.6605935008955,1749.2343755578877,70.23335456559249
531,2026-07-26 17:42:19+00:00,2026-07-26 17:46:13+00:00,2590.0,2980.0,390.0,8.769669553889173,-2.2486332189459417,-3.069422102853423,13.388784075444633,14.692020912432275,29.949857004842148,32.86511478264199,0.0,0.0,793.7274589779006,1126.790618941311,24.174558788946435
533,2026-07-26 17:46:15+00:00,2026-07-26 17:49:01+00:00,620.0,1430.0,810.0,16.705819548753595,-2.0624468578708144,-3.3501719500101217,9.488041294687047,11.820694725467309,21.224143912596293,26.44214102869387,0.23170731707317074,6.299909272036695,528.7542336805204,941.6308503517805,46.05142922628965
543,2026-07-26 17:52:49+00:00,2026-07-26 17:57:25+00:00,1410.0,1860.0,450.0,8.90500360060878,-1.9788896890241732,-3.014321748834959,16.855925119979183,17.938267706841533,37.70563063703289,40.12676205002133,0.0,0.0,898.637995287183,1423.1483666139131,24.54762197547417
547,2026-07-26 18:01:42+00:00,2026-07-26 18:02:31+00:00,110.0,640.0,530.0,6.94255651206106,-1.3099163230303887,-1.9873546955640222,13.891232761104167,14.415323857168989,31.07380270468899,32.24616109781896,0.0,0.0,487.6276449816392,763.8117660309225,19.13792070671264
553,2026-07-26 18:03:44+00:00,2026-07-26 18:08:57+00:00,2120.0,3850.0,1730.0,30.883950525003797,-1.7851994523123582,-3.3651830743651203,18.35797968356542,20.154898221067608,41.065631002964885,45.08522329336884,0.0,0.0,882.1497476330104,1630.255452625305,85.13500685673071
559,2026-07-26 18:11:22+00:00,2026-07-26 18:18:21+00:00,2680.0,3040.0,360.0,6.229060585159459,-1.7302946069887386,-2.4954307863660574,14.48062244532096,15.591353739407433,32.39222987947602,34.876865021938606,0.0,0.0,664.7850180143247,1013.3850839838177,17.171090699656418
559,2026-07-26 18:11:22+00:00,2026-07-26 18:18:21+00:00,3520.0,3970.0,450.0,7.078459733274713,-1.5729910518388248,-2.1565989665439815,15.054624387500187,15.948512113097376,33.676235655646444,35.675805550056765,0.0,0.0,636.5013902640018,917.2116664350574,19.51255288534241
559,2026-07-26 18:11:22+00:00,2026-07-26 18:18:21+00:00,4840.0,5240.0,400.0,6.848759894163948,-1.712189973540987,-3.754938469372746,13.68559117195815,13.762379044648062,30.613795570772524,30.785565149982244,0.0,0.0,624.7533218671033,1422.9758062384233,18.87936001185128
575,2026-07-26 18:23:50+00:00,2026-07-26 18:30:31+00:00,60.0,790.0,730.0,14.363039662116876,-1.9675396797420377,-3.306216490118288,17.2985714029386,19.172157201079784,38.69580217192779,42.88689424006752,0.0,0.0,927.8202910933408,1557.279261618915,39.593298762988
575,2026-07-26 18:23:50+00:00,2026-07-26 18:30:31+00:00,1560.0,3860.0,2300.0,86.77803580448892,-3.77295807845604,-4.4982474663625,21.108823692893814,24.651741509186138,47.219093801212004,55.14437524424243,0.6190476190476191,28.989677437640633,2237.7088921801956,2891.6104516278515,239.21320127901222
577,2026-07-26 18:30:33+00:00,2026-07-26 18:35:06+00:00,160.0,660.0,500.0,12.727470094626938,-2.5454940189253876,-3.818475462165736,14.47610641787769,16.355419892547026,32.38212781379225,36.586032329426956,0.0,0.0,999.4759943345214,1565.0185876869587,35.084671337549565
581,2026-07-26 18:36:20+00:00,2026-07-26 18:42:35+00:00,690.0,1490.0,800.0,32.18575246203491,-4.023219057754364,-5.40645601177377,17.62502260826756,21.195568515032974,39.426052720713045,47.413136442002894,0.4074074074074074,19.55544289997345,1972.6332294447916,2993.221074109951,88.72356709437007
581,2026-07-26 18:36:20+00:00,2026-07-26 18:42:35+00:00,2370.0,2720.0,350.0,5.473750442085304,-1.5639286977386584,-2.533858044881498,13.311509184166942,14.821211606264526,29.77699799607852,33.15410613427104,0.0,0.0,515.5779791753265,899.2696888789303,15.08899520615677
581,2026-07-26 18:36:20+00:00,2026-07-26 18:42:35+00:00,3770.0,4170.0,400.0,12.558952025325993,-3.139738006331498,-4.269588613133067,14.775224962032345,16.71205454030907,33.05123694083828,37.38380131600991,0.0,0.0,1228.6739262878934,1800.3292551935533,34.62013274253389
583,2026-07-26 18:42:37+00:00,2026-07-26 18:47:11+00:00,50.0,550.0,500.0,14.022584387172373,-2.8045168774344744,-3.8572052614595975,9.169087125538343,12.238474948415773,20.5106637561255,27.376688771509873,0.6470588235294118,32.85397839469298,683.3106458942327,935.8667424835262,38.65479634752324
594,2026-07-26 19:25:06+00:00,2026-07-26 19:32:00+00:00,760.0,1270.0,510.0,6.53578217549142,-1.2815259167630235,-1.9919726949229357,13.818745656814267,14.40220048880666,30.911653670396984,32.21680495885527,0.0,0.0,477.6336594451866,767.6908875218588,18.016602502781403
594,2026-07-26 19:25:06+00:00,2026-07-26 19:32:00+00:00,1850.0,2300.0,450.0,9.347632694964148,-2.0772517099920327,-3.1314348474829785,13.357507854905583,13.859667560117334,29.879894092040047,31.003193361035553,0.17391304347826086,1.7050106991390657,743.9797934810866,1168.738422846082,25.76777776326512
594,2026-07-26 19:25:06+00:00,2026-07-26 19:32:00+00:00,2370.0,4200.0,1830.0,96.9353466715402,-5.297013479319137,-7.478668518809286,21.431955254666363,25.93182307688691,47.941918518849235,58.00783615982219,0.5380434782608695,30.233507371281146,3232.392344041805,4846.375664170059,267.2129459882344
594,2026-07-26 19:25:06+00:00,2026-07-26 19:32:00+00:00,4610.0,5070.0,460.0,10.121484195827549,-2.2003226512668586,-3.6411037494305276,20.26955523239312,20.91406580239492,45.34170372314138,46.78343280779107,0.0,0.0,1204.851235693481,2047.153393720669,27.90098454906018
594,2026-07-26 19:25:06+00:00,2026-07-26 19:32:00+00:00,5660.0,6710.0,1050.0,20.53260678680249,-1.955486360647856,-4.535427256758169,16.49834479190401,18.002804231860033,36.905746223836815,40.271126144998284,0.0,0.0,866.2484517431558,2067.0687073460313,56.60038919456761
598,2026-07-26 19:34:52+00:00,2026-07-26 19:38:39+00:00,200.0,810.0,610.0,13.355175063807167,-2.1893729612798634,-3.13386857171119,14.446412035489933,15.598924774632165,32.31570337215894,34.89380094540123,0.20967741935483872,1.6026300093434473,847.4115565469908,1182.9671002667242,36.81500913264148
598,2026-07-26 19:34:52+00:00,2026-07-26 19:38:39+00:00,1760.0,2290.0,530.0,18.091811812946162,-3.4135493986690872,-4.4697766705593835,15.766174529681358,19.97378693376406,35.267927992307975,44.68008888189885,0.0,0.0,1459.8680646468658,2148.1604428518294,49.87206936168552
600,2026-07-26 19:38:41+00:00,2026-07-26 19:54:08+00:00,2580.0,3340.0,760.0,11.104618374108554,-1.4611339965932308,-2.246670593344845,13.492833575370124,15.120600790636086,30.18260910739559,33.82382066624035,0.0,0.0,529.5981766299121,897.6677816827529,30.611102056251383
600,2026-07-26 19:38:41+00:00,2026-07-26 19:54:08+00:00,3690.0,4250.0,560.0,6.589710033332324,-1.1767339345236292,-1.6054432916312749,13.46600834741908,14.335705521964378,30.122602781449267,32.06805995428682,0.0,0.0,424.68160826246543,618.3230204875762,18.16526057498422
600,2026-07-26 19:38:41+00:00,2026-07-26 19:54:08+00:00,5770.0,8420.0,2650.0,105.8459898786906,-3.9941882973090794,-8.873943492168479,21.434344105578013,26.973304687036435,47.94726222614982,60.33756417107291,0.6654135338345865,28.40229920673375,2499.484868938258,6373.264460054107,291.7761141594973
600,2026-07-26 19:38:41+00:00,2026-07-26 19:54:08+00:00,9580.0,10300.0,720.0,10.326129555899712,-1.4341846605416266,-2.123439098083594,12.905955041271506,13.339310990650576,28.869799215442704,29.839188865986436,0.0,0.0,506.4353660911253,778.5966576414991,28.46511199508871
600,2026-07-26 19:38:41+00:00,2026-07-26 19:54:08+00:00,10830.0,11100.0,270.0,5.31086764074459,-1.966988015090589,-2.5415504560228044,12.615520684137087,14.104514609819352,28.22011606150923,31.550900612516447,0.0,0.0,644.1736204857878,910.2053911494348,14.639990847152946
606,2026-07-26 19:56:48+00:00,2026-07-26 19:59:13+00:00,250.0,820.0,570.0,17.65727203836974,-3.097767024275393,-4.574889063592934,15.353050887308282,17.854738675146503,34.34379672357794,39.939912927582554,0.0,0.0,1268.2101278140815,1945.3144143338418,48.67421267369041
608,2026-07-26 19:59:15+00:00,2026-07-26 20:04:49+00:00,860.0,1190.0,330.0,10.02315127613042,-3.0373185685243698,-4.209582604910594,13.203714929487777,14.624976592910782,29.535869115711744,32.71514091112827,0.14705882352941177,1.3013119239972988,1050.5906086774924,1587.7525404324092,27.62991903929388
608,2026-07-26 19:59:15+00:00,2026-07-26 20:04:49+00:00,2300.0,2540.0,240.0,6.2812585889505215,-2.617191078729384,-3.630436393183004,15.138459859059369,16.50005572079447,33.86377026453867,36.90957346276501,0.0,0.0,977.4093913887648,1481.0961330708242,17.3149802388869
608,2026-07-26 19:59:15+00:00,2026-07-26 20:04:49+00:00,2910.0,3390.0,480.0,8.373622246351118,-1.7445046346564832,-2.3542865685562617,14.626229933628437,16.000344063036895,32.7179445544659,35.79175031996442,0.1836734693877551,3.5949234571351085,701.0667877041028,1036.5294796541423,23.08281082051396
610,2026-07-26 20:04:51+00:00,2026-07-26 20:12:41+00:00,2590.0,2930.0,340.0,8.705771699998223,-2.5605210882347715,-3.3851293739501216,15.38454898758737,16.96229074589001,34.414255967223,37.9435637658599,0.0,0.0,1039.1801534350373,1475.775022778692,23.998417325932103
610,2026-07-26 20:04:51+00:00,2026-07-26 20:12:41+00:00,5270.0,5570.0,300.0,8.402145983921798,-2.8007153279739327,-4.195516695806674,14.533727065578088,16.369883121381285,32.51102153180496,36.618385650906596,0.0,0.0,1066.8524632810447,1742.72504845467,23.16143964073867
614,2026-07-26 20:14:20+00:00,2026-07-26 20:20:59+00:00,3580.0,4460.0,880.0,49.075878193773235,-5.576804340201504,-7.13563744166882,19.323626439341922,26.98306031288665,43.22572127626593,60.359386884588965,0.1348314606741573,0.9069683715460001,3042.3551020844307,4903.066116794937,135.28305658773726
616,2026-07-26 20:21:01+00:00,2026-07-26 20:22:39+00:00,50.0,710.0,660.0,12.526677669195436,-1.8979814650296116,-2.420510193972376,24.824639370816808,26.609294425233674,55.53113674574268,59.5232964057661,0.9552238805970149,22.18508532487872,1261.4235375760538,1612.1640948278762,34.531164929680834
634,2026-07-26 20:47:27+00:00,2026-07-26 20:50:36+00:00,240.0,720.0,480.0,20.552618477942275,-4.281795516237974,-5.423534881788186,14.195190718790984,18.30114920815911,31.75373729149737,40.9385048500338,0.22448979591836735,4.622053583101592,1623.164953043699,2421.5073779019685,56.65555362248046
634,2026-07-26 20:47:27+00:00,2026-07-26 20:50:36+00:00,850.0,1750.0,900.0,21.295057669560094,-2.3661175188400105,-3.485753604341795,18.426529295933353,19.542129471518596,41.21897211867697,43.71449863886586,0.0,0.0,1168.418107186805,1628.3784179670179,58.70216892248605
634,2026-07-26 20:47:27+00:00,2026-07-26 20:50:36+00:00,1860.0,2620.0,760.0,7.314412269101041,-0.9624226669869791,-1.8900142318873918,15.465668790034652,17.03362287258597,34.59571579732161,38.10312918885551,0.0,0.0,410.8895932512921,872.6107905228512,20.162982005126622
640,2026-07-26 20:52:49+00:00,2026-07-26 20:59:04+00:00,880.0,1310.0,430.0,9.674309682883177,-2.2498394611356223,-3.6883034232630507,10.148234941268846,11.344874922080939,22.700955040418858,25.37776244202071,0.0,0.0,609.3238914780721,1070.4970349762002,26.668298814932594
640,2026-07-26 20:52:49+00:00,2026-07-26 20:59:04+00:00,2120.0,2590.0,470.0,29.922415406863763,-6.3664713631625025,-9.895610132063865,14.010606144052034,17.358840278876716,31.340833357310384,38.83061980779509,0.0,0.0,2305.4274139521954,3860.327668809863,82.48442953471472
640,2026-07-26 20:52:49+00:00,2026-07-26 20:59:04+00:00,3350.0,3620.0,270.0,7.824547003840053,-2.897980371792612,-3.622656838320495,10.625233140915759,11.009502462443086,23.76796962445365,24.627555615701247,0.0,0.0,801.3789312073287,1063.7586708693746,21.56922451625553
650,2026-07-26 21:06:41+00:00,2026-07-26 21:10:02+00:00,310.0,650.0,340.0,9.758033722261558,-2.8700099183122227,-4.32420781483296,11.119660029295702,13.224025692825967,24.873971074838273,29.581302999342267,0.0,0.0,841.7499981545009,1367.4221346781646,26.899093339123436
650,2026-07-26 21:06:41+00:00,2026-07-26 21:10:02+00:00,750.0,1120.0,370.0,9.844124755686693,-2.6605742582937006,-3.695206394366238,13.401992890573888,14.916732901794107,29.979404282779814,33.36778118690522,0.0,0.0,946.4330046911005,1383.7309454823799,27.136412742773498
650,2026-07-26 21:06:41+00:00,2026-07-26 21:10:02+00:00,1660.0,2040.0,380.0,9.146335998384444,-2.406930525890643,-3.7889884377025567,11.71002944941896,12.667675050736815,26.1945898564311,28.336782056945275,0.0,0.0,736.4452270640982,1237.2994759217368,25.212881276506543
654,2026-07-26 21:10:47+00:00,2026-07-26 21:11:58+00:00,50.0,700.0,650.0,8.207654024190134,-1.262716003721559,-2.5747768090497516,10.753826893986531,11.43018544662791,24.05562565762914,25.568596650474028,0.0,0.0,366.18879605067826,780.8941996083504,22.625301159622765
660,2026-07-26 21:15:19+00:00,2026-07-26 21:17:52+00:00,250.0,660.0,410.0,10.061512359094024,-2.454027404657079,-4.134988778714103,9.388952521120691,10.006620615304511,21.002488638870553,22.384172815194415,0.0,0.0,618.5550826524861,1087.2090011787159,27.73566558420218
664,2026-07-26 21:18:14+00:00,2026-07-26 21:20:52+00:00,50.0,550.0,500.0,16.204994391420854,-3.240998878284171,-4.825669217259019,14.425461950727277,17.596031176828483,32.26883936723174,39.36120073556837,0.0,0.0,1242.722596324506,2052.8063151740344,44.670849589334644
664,2026-07-26 21:18:14+00:00,2026-07-26 21:20:52+00:00,1200.0,1570.0,370.0,9.010566035973596,-2.435288117830702,-3.974051753248972,11.377573686337907,14.048688742956442,25.450907494492455,31.426021704895405,0.0,0.0,751.6599926700633,1363.3822425774254,24.838616440425177
666,2026-07-26 21:20:54+00:00,2026-07-26 21:29:31+00:00,1830.0,2860.0,1030.0,14.700606538194108,-1.4272433532227289,-3.0437469083856,11.08314469607831,12.754246962033994,24.79228860074783,28.530437907198447,0.0,0.0,419.798055442199,803.4672615422526,40.52383898925127
674,2026-07-26 21:31:41+00:00,2026-07-26 21:36:15+00:00,1510.0,2980.0,1470.0,48.82058956153102,-3.32112854160075,-4.399600314409724,18.62739494759538,24.071988466022002,41.66829578470692,53.8475046215596,0.0,0.0,1712.3707110021958,2897.0470641598054,134.57932539121205
676,2026-07-26 21:36:17+00:00,2026-07-26 21:42:03+00:00,50.0,530.0,480.0,10.521205472223215,-2.1919178067131697,-2.7579239586229107,21.28228242764727,21.88620394895388,47.60710994015585,48.95804390871931,0.08163265306122448,0.0,1243.4421872558803,1634.910977835352,29.00286021678524
682,2026-07-26 21:42:55+00:00,2026-07-26 22:05:46+00:00,720.0,1330.0,610.0,14.36575876921384,-2.355042421182597,-3.563888726635554,12.062141935188752,15.625959317480817,26.98224305473504,34.95427549543848,0.1935483870967742,5.794318060798307,775.4070401929037,1409.8641005895474,39.60079428080257
682,2026-07-26 21:42:55+00:00,2026-07-26 22:05:46+00:00,1380.0,2020.0,640.0,22.212428764852433,-3.4706919945081927,-6.07100266920375,15.118263979252658,16.634093760640475,33.81859336804907,37.20940801861237,0.8153846153846154,34.0071762427815,1441.0391948232011,2741.4704439515845,61.23100325747987
682,2026-07-26 21:42:55+00:00,2026-07-26 22:05:46+00:00,2300.0,2720.0,420.0,11.017539379645854,-2.6232236618204414,-4.124344685188333,11.117825236628576,11.820313718128057,24.869866760532787,26.44128873954916,0.3953488372093023,17.144960082255345,772.7152036484449,1343.8762659438626,30.371059229325557
682,2026-07-26 21:42:55+00:00,2026-07-26 22:05:46+00:00,4540.0,5140.0,600.0,12.07482863971407,-2.012471439952345,-2.8996393386200054,10.895067500079993,13.715715314413712,24.371571895311366,30.68118135829839,0.4262295081967213,15.427540214991387,593.6272395210311,1064.521411954631,33.28559337652221
688,2026-07-26 22:14:10+00:00,2026-07-26 22:21:23+00:00,1760.0,2450.0,690.0,11.523325284945969,-1.6700471427457924,-3.5059473457545494,9.645148930061506,10.21532418840265,21.575583683924272,22.851029412139074,0.0,0.0,436.10552270289037,926.4486742085721,31.76531371373491
690,2026-07-26 22:21:25+00:00,2026-07-26 22:23:10+00:00,180.0,930.0,750.0,7.969302773331123,-1.0625737031108162,-1.7107160796236087,9.64437834473376,10.812392537644454,21.57385993363851,24.186633271395074,0.0,0.0,272.45437304527405,396.3882781124879,21.968259717992307
694,2026-07-26 22:27:27+00:00,2026-07-26 22:30:26+00:00,50.0,370.0,320.0,7.682774214857375,-2.4008669421429296,-3.3292611944755492,13.280918992195186,14.299644534745019,29.70856968547599,31.98739382324852,0.0,0.0,818.5603511780794,1146.98296826588,21.17841222841799
694,2026-07-26 22:27:27+00:00,2026-07-26 22:30:26+00:00,1020.0,1440.0,420.0,11.09551858453608,-2.6417901391752574,-5.206723275675813,12.333777257867956,14.755490328181004,27.58987396624006,33.00709182216581,0.13953488372093023,1.5435443100438972,856.9347154681968,1837.9129754838063,30.586017485318006
696,2026-07-26 22:30:28+00:00,2026-07-26 22:33:55+00:00,930.0,1210.0,280.0,8.224095729226661,-2.937177046152379,-4.3284701439929165,7.447441248197462,8.831032848902016,16.65945161103584,19.7544578760335,0.1724137931034483,9.056869956088326,580.0501854358363,1053.5736187892053,22.670624528143506
698,2026-07-26 22:33:57+00:00,2026-07-26 22:35:23+00:00,300.0,620.0,320.0,8.50144491441742,-2.6567015357554435,-3.12544703087039,8.686171401574732,10.84585870186157,19.430412047187573,24.261494948688192,0.45454545454545453,19.712881268769817,595.345024472336,881.341454567326,23.435168065532206
785,2026-07-27 13:47:50+00:00,2026-07-27 14:05:45+00:00,4750.0,5070.0,320.0,5.515510666414997,-1.7235970832546865,-2.6447683710464958,13.316241196446477,14.023425031487186,29.78758320608106,31.369508391837837,0.0,0.0,592.6694877026738,955.3854033544476,15.204111858146245
785,2026-07-27 13:47:50+00:00,2026-07-27 14:05:45+00:00,8990.0,9290.0,300.0,5.365735247768953,-1.7885784159229843,-2.3055453194793927,12.312863158748717,13.80910928761651,27.54309045890461,30.890097726414883,0.0,0.0,569.3557854918014,777.378142882777,14.791239441352374
791,2026-07-27 14:08:05+00:00,2026-07-27 14:11:57+00:00,1760.0,2180.0,420.0,7.34838420567354,-1.7496152870651285,-2.8224526689308505,12.585932120200543,14.221669616859785,28.153928329009805,31.81296889956108,0.4883720930232558,15.818458737081263,599.0087968642939,1091.8472637600967,20.256629385201737
795,2026-07-27 14:16:02+00:00,2026-07-27 14:28:41+00:00,1770.0,2040.0,270.0,6.236306362046861,-2.309743097054393,-3.2789321118188184,15.892309518835754,16.67005978752126,35.55008392724533,37.28986172942301,0.0,0.0,933.2157237681364,1416.201936257207,17.191064480681998
795,2026-07-27 14:16:02+00:00,2026-07-27 14:28:41+00:00,3120.0,3430.0,310.0,8.443096200965726,-2.7235794196663634,-3.663739666207249,16.31176767817844,17.400822697826122,36.48838510687733,38.92453180437125,0.0,0.0,1153.3657783295882,1654.2837157196216,23.27432341854413
795,2026-07-27 14:16:02+00:00,2026-07-27 14:28:41+00:00,6000.0,6320.0,320.0,9.15318001390284,-2.8603687543446377,-3.6445053473517817,15.436821825759992,17.359142334101037,34.531186976020024,38.83129548608858,0.0,0.0,1148.0856758463565,1654.1230901421857,25.23174755812471
795,2026-07-27 14:16:02+00:00,2026-07-27 14:28:41+00:00,6520.0,6750.0,230.0,5.304230711608369,-2.3061872659166824,-3.107130722211366,16.789835300390397,17.448739839255246,37.557791921059405,39.031719397045556,0.0,0.0,983.4910730359219,1420.2896723340168,14.621695421926747
797,2026-07-27 14:28:43+00:00,2026-07-27 14:34:14+00:00,1330.0,1640.0,310.0,6.2264550126984375,-2.0085338750640123,-3.098382851521876,17.926489400611068,18.38054037154249,40.10041472935547,41.116097824674505,0.0,0.0,953.3819288891102,1539.2495825910553,17.16390815255464
805,2026-07-27 14:43:59+00:00,2026-07-27 14:47:49+00:00,2140.0,2570.0,430.0,5.7984540129424715,-1.3484776774284817,-1.9058673862541013,15.811743621062455,16.44441521963596,35.36986314661429,36.78510920641545,0.0,0.0,573.0454388514312,843.205622189661,15.984076316617347
817,2026-07-27 15:05:26+00:00,2026-07-27 15:08:14+00:00,50.0,680.0,630.0,8.295721108553153,-1.3167811283417703,-1.874360359542294,14.163486705052243,14.652979515605567,31.68281743256139,32.77778166518783,0.0,0.0,504.34300708875674,741.4715521801023,22.868067765048707
817,2026-07-27 15:05:26+00:00,2026-07-27 15:08:14+00:00,1540.0,2120.0,580.0,7.747951423316721,-1.3358536936752967,-1.8539790304979533,12.621462013460606,13.972852625782746,28.233406436696058,31.256381142141077,0.0,0.0,456.3926365676191,698.990139861928,21.358080373029107
819,2026-07-27 15:08:16+00:00,2026-07-27 15:09:34+00:00,560.0,850.0,290.0,5.978281234139104,-2.0614762876341737,-2.9960130978017503,12.90613998965584,13.701857635508729,28.870212933195777,30.650182613432197,0.0,0.0,687.6025348561157,1063.820680714216,16.479789832840193
823,2026-07-27 15:11:25+00:00,2026-07-27 15:14:12+00:00,460.0,820.0,360.0,6.227897780485165,-1.7299716056903236,-2.5158055975641958,10.382991006030744,12.039121721211997,23.226089401464623,26.93074830263958,0.0,0.0,477.7867264679501,769.1640994565391,17.16788530066321
825,2026-07-27 15:14:14+00:00,2026-07-27 15:26:04+00:00,2200.0,2610.0,410.0,11.853427522210552,-2.8910798834659883,-4.327175008376798,12.600169752237692,15.436780481708627,28.18577700482662,34.531094492011064,0.0,0.0,974.9115827625353,1614.9632730618905,32.675276842000834
825,2026-07-27 15:14:14+00:00,2026-07-27 15:26:04+00:00,2860.0,3500.0,640.0,8.096571760966583,-1.2650893376510286,-1.5000444323812872,12.930731222090115,13.502096850775041,28.92522195349435,30.203330464332144,0.0,0.0,438.4157611656195,522.3332109565334,22.31909068199809
825,2026-07-27 15:14:14+00:00,2026-07-27 15:26:04+00:00,5970.0,6440.0,470.0,8.552746020184202,-1.8197331957838725,-2.958445575272634,11.698249049023028,12.803569194200298,26.16823785125051,28.640768598336386,0.0,0.0,558.3651243878045,907.1976439630326,23.57658520669997
825,2026-07-27 15:14:14+00:00,2026-07-27 15:26:04+00:00,6680.0,7370.0,690.0,9.473004286301261,-1.372899171927719,-2.483894746443127,12.029864842573522,12.883594031228553,26.91004125486203,28.81977906055063,0.0,0.0,439.33095499907074,783.4809381922769,26.11337834566092
837,2026-07-27 15:34:29+00:00,2026-07-27 15:39:10+00:00,1620.0,1970.0,350.0,7.571839931100897,-2.163382837457399,-2.4456319305926684,7.66228772160224,8.959657734672689,17.14004948461489,20.042183551075272,0.0,0.0,435.8401537202196,546.7217034968634,20.872609672472045
839,2026-07-27 15:39:12+00:00,2026-07-27 15:40:39+00:00,380.0,630.0,250.0,6.7573313370710935,-2.702932534828437,-3.696658627996925,8.838887695034789,10.43681741633469,19.772028666416404,23.34649565214453,0.0,0.0,647.3826140878596,1043.0008834720747,18.627327137083547
863,2026-07-27 15:52:11+00:00,2026-07-27 15:54:32+00:00,50.0,520.0,470.0,9.561384905413263,-2.0343372139177154,-3.2014626883972426,9.108827734779949,11.34461337298515,20.37586733800096,25.377177373356187,0.0,0.0,512.0930170964893,882.0448578484294,26.357009244111257
867,2026-07-27 15:57:20+00:00,2026-07-27 16:02:42+00:00,470.0,1040.0,570.0,8.33118089883908,-1.461610684006856,-2.088753701956648,10.625315151263178,12.259151782353202,23.768153076376116,27.422941531749288,0.0,0.0,425.3108519946165,663.4593449635865,22.965816577548793
875,2026-07-27 16:10:52+00:00,2026-07-27 16:13:18+00:00,380.0,1400.0,1020.0,21.065788999092746,-2.0652734312836025,-4.543100340007982,13.893341217181685,17.998621927111543,31.078519186608997,40.261770595721956,0.038834951456310676,0.21804280372326762,835.6051035346671,1920.9238123168311,58.07016461278906
880,2026-07-27 16:19:27+00:00,2026-07-27 16:29:51+00:00,50.0,740.0,690.0,11.078982483218198,-1.6056496352490142,-3.0291721006630326,13.005529336563727,14.061479622962754,29.092540570337615,31.454634088588836,0.0,0.0,561.2822325763718,1109.0481095182754,30.540433903064116
880,2026-07-27 16:19:27+00:00,2026-07-27 16:29:51+00:00,1240.0,1720.0,480.0,13.314739491978798,-2.7739040608289165,-3.3334185518294532,14.252343792359767,16.24456974041041,31.881585075965834,36.338067601132806,0.0,0.0,1048.0365510045438,1314.32073060444,36.70354403098368
880,2026-07-27 16:19:27+00:00,2026-07-27 16:29:51+00:00,2010.0,2420.0,410.0,7.399543587982805,-1.8047667287762938,-2.631128302937526,13.412504060953184,13.891337011953132,30.00291710127323,31.07403590719652,0.0,0.0,638.7555914593021,963.8340081259573,20.39765585006928
880,2026-07-27 16:19:27+00:00,2026-07-27 16:29:51+00:00,2980.0,3510.0,530.0,7.4909734103771655,-1.4133912095051255,-1.9691018690895135,12.568202066774079,13.223595178319897,28.114267329040086,29.580339965819384,0.0,0.0,477.5102941838166,708.141537431851,20.649692212779797
880,2026-07-27 16:19:27+00:00,2026-07-27 16:29:51+00:00,5670.0,6320.0,650.0,13.212835785439154,-2.032743966990639,-3.0399045689394484,14.229051956597788,15.61513157175204,31.829482723241295,34.930054518056636,0.0,0.0,787.6684983783467,1248.19732906522,36.42263525449943
880,2026-07-27 16:19:27+00:00,2026-07-27 16:29:51+00:00,7470.0,7810.0,340.0,5.853519599352751,-1.7216234115743383,-2.4726341187086405,12.698621819274372,13.270213569084168,28.406008006608744,29.684622335997155,0.0,0.0,581.6553284308538,876.1752446272271,16.135870662771786
886,2026-07-27 16:36:47+00:00,2026-07-27 16:37:46+00:00,210.0,750.0,540.0,13.083672345563713,-2.4229022862155025,-3.886534009586825,18.332073875535468,19.185959127611905,41.00768136080769,42.917768270427494,0.0,0.0,1198.416469960608,1991.8860852956777,36.066582024504385
890,2026-07-27 16:38:01+00:00,2026-07-27 16:41:03+00:00,1090.0,1570.0,480.0,5.020838045523249,-1.0460079261506767,-1.306187842270674,15.30860444926607,16.070779572066307,34.244372873268766,35.94931006636164,0.0,0.0,431.03338178288857,545.0814602855216,13.840492364669842
894,2026-07-27 16:42:27+00:00,2026-07-27 16:48:23+00:00,2070.0,2880.0,810.0,9.017385967526195,-1.1132575268550857,-2.133452300904082,13.388436275193119,15.142612233971413,29.949078997837148,33.87305886267764,0.0,0.0,417.64341067472196,849.957193895381,24.857416331942385
898,2026-07-27 16:48:46+00:00,2026-07-27 17:00:48+00:00,1960.0,3430.0,1470.0,63.29649234057837,-4.305883832692406,-12.297724635835634,20.426415393300996,24.969820148066905,45.692589909853695,55.855896895282086,0.39864864864864863,5.581746395851771,2367.3433795105084,7520.248232450913,174.48374375096174
898,2026-07-27 16:48:46+00:00,2026-07-27 17:00:48+00:00,3520.0,4130.0,610.0,7.1893058605541,-1.1785747312383772,-1.7695745480894516,18.412070338803296,19.972864332469776,41.18662835272749,44.678025081580564,0.0,0.0,580.3199460576349,857.8970019674532,19.81811242826204
898,2026-07-27 16:48:46+00:00,2026-07-27 17:00:48+00:00,4530.0,5330.0,800.0,13.720447841307106,-1.7150559801633884,-2.855359727063899,15.761182785642665,16.66999156261477,35.25676177890718,37.289709114653654,0.0,0.0,730.1304561337971,1204.871447676533,37.821923723825584
902,2026-07-27 17:01:19+00:00,2026-07-27 17:23:06+00:00,2540.0,3150.0,610.0,5.9403081234674175,-0.9738210038471177,-1.9273632422845992,9.709732557559278,11.672226239438158,21.720053144146558,26.110026484068893,0.0,0.0,250.64162603492315,524.2731612697929,16.375112776231518
902,2026-07-27 17:01:19+00:00,2026-07-27 17:23:06+00:00,4240.0,4760.0,520.0,5.1887279760611875,-0.99783230308869,-1.2010374552595238,14.022504284714266,15.248245518412139,31.3674487399657,34.109353790292005,0.0,0.0,380.1058622252014,481.02800483306356,14.30329942609003
904,2026-07-27 17:23:08+00:00,2026-07-27 17:29:33+00:00,1510.0,1880.0,370.0,5.920916245211544,-1.6002476338409577,-2.1021677405364017,12.771119981869306,15.140108223034442,28.568181777624613,33.86745754973703,0.0,0.0,542.7492570454642,762.3394867977254,16.321656930712592
904,2026-07-27 17:23:08+00:00,2026-07-27 17:29:33+00:00,2360.0,3250.0,890.0,16.99543637193659,-1.9095995923524263,-2.2115849798738054,15.509318696893665,16.996224172048933,34.69335785811933,38.01947067834855,0.1,1.0904937346343995,802.6641748461878,983.5440430768775,46.849789857244126
910,2026-07-27 17:37:37+00:00,2026-07-27 17:43:41+00:00,1740.0,2270.0,530.0,10.46439464062638,-1.974414083137053,-2.5717780596911552,16.417887375109725,17.39005269624541,36.72576810824473,38.900439996969865,0.0,0.0,876.2480146213491,1199.0561903574655,28.846254910297088
914,2026-07-27 17:44:19+00:00,2026-07-27 17:51:40+00:00,1450.0,2130.0,680.0,6.399529563598776,-0.9411072887645259,-1.4120965411710529,16.417949209106965,16.935867329102557,36.72590642695724,37.88445626588797,0.0,0.0,422.6021621166292,648.5187354139429,17.641007190312024
918,2026-07-27 17:52:52+00:00,2026-07-27 17:56:49+00:00,1090.0,2170.0,1080.0,9.121290976495771,-0.8445639793051639,-1.2015856795788693,15.761105366712101,16.288840695766822,35.25658859769171,36.43709890785349,0.0,0.0,363.1040479288801,510.5790433505107,25.143841918718007
922,2026-07-27 17:57:16+00:00,2026-07-27 17:58:43+00:00,530.0,760.0,230.0,5.973188034476266,-2.597038275859246,-3.8813193509998882,12.24366321450853,14.499326654498295,27.388294592225595,32.43407000379898,0.0,0.0,792.5488544088616,1273.4975634272753,16.46574986771762
924,2026-07-27 17:58:45+00:00,2026-07-27 17:59:54+00:00,50.0,350.0,300.0,7.3241306384516065,-2.441376879483869,-3.025703522479205,13.751016232346705,15.81721750991581,30.760147262765535,35.38210788724904,0.0,0.0,871.3479102465465,1151.3856283735877,20.189771759262083
924,2026-07-27 17:58:45+00:00,2026-07-27 17:59:54+00:00,530.0,880.0,350.0,7.756558761909844,-2.2161596462599555,-2.8600948060685027,13.30874611990961,14.0812958489336,29.770817197364018,31.498961723634576,0.3611111111111111,6.287244185791203,779.4989562218246,1071.5976598161374,21.381807448668297
930,2026-07-27 18:03:22+00:00,2026-07-27 18:06:44+00:00,50.0,960.0,910.0,15.257890366666231,-1.6766912490842012,-2.8382366267128134,17.535398675898644,18.934578140039136,39.22556969376039,42.355445016193485,0.0,0.0,807.7622661116131,1404.9219348364802,42.0600531636558
936,2026-07-27 18:07:32+00:00,2026-07-27 18:22:30+00:00,3550.0,4410.0,860.0,35.17682205638863,-4.090328146091701,-5.993855380962884,18.545056450663534,20.683986286146634,41.48410981268686,46.26875958783696,0.7241379310344828,28.844643320114166,2083.208269956511,3143.7574413129005,96.96877944886145
936,2026-07-27 18:07:32+00:00,2026-07-27 18:22:30+00:00,7060.0,7300.0,240.0,5.119132410827035,-2.132971837844598,-2.508364376025469,14.438940470598984,15.927121111669226,32.29898995749594,35.62795524263875,0.0,0.0,770.8672015469382,1003.9101584944136,14.111451595009914
948,2026-07-27 18:34:23+00:00,2026-07-27 18:38:33+00:00,970.0,1930.0,960.0,18.36734435474486,-1.9132650369525894,-2.451450380017235,14.952487524984454,17.05232464358136,33.44776200112843,38.1449638591208,0.0,0.0,773.8221223068198,948.9168651386599,50.63160512173323
950,2026-07-27 18:38:35+00:00,2026-07-27 18:44:38+00:00,300.0,650.0,350.0,6.220920999260841,-1.7774059997888119,-2.366819700899498,16.430679425741374,16.80068836953303,36.75438311055247,37.58206954530474,0.0,0.0,772.6700939963006,1082.089376057761,17.148653035772426
950,2026-07-27 18:38:35+00:00,2026-07-27 18:44:38+00:00,1620.0,1910.0,290.0,5.454060927797116,-1.880710664757626,-2.5778430829155923,11.961641282140954,13.343167241488024,26.757429496557254,29.847815053435987,0.0,0.0,576.5143144765437,803.4571767729192,15.034718894174809
954,2026-07-27 18:46:14+00:00,2026-07-27 18:47:29+00:00,50.0,450.0,400.0,6.04973218753625,-1.5124330468840625,-1.807287273867189,15.863301638769174,16.273087735297814,35.48519514756884,36.401860538873066,0.0,0.0,641.1950085597376,810.4437179316993,16.676752245484302
958,2026-07-27 18:47:45+00:00,2026-07-27 18:52:36+00:00,2070.0,2370.0,300.0,6.052462685367402,-2.017487561789134,-3.0379145717150777,13.850906566221035,14.96445595935087,30.983595575834457,33.47453462632174,0.0,0.0,735.5189923390761,1164.3661834646025,16.684279163110634
960,2026-07-27 18:52:38+00:00,2026-07-27 18:58:01+00:00,2470.0,2850.0,380.0,8.539759943475332,-2.247305248282982,-2.9455285134421274,11.726700905058783,13.51786445029579,26.231882840593197,30.238601579938685,0.0,0.0,694.7567020615602,949.8692736506667,23.540787657783532
970,2026-07-27 19:02:00+00:00,2026-07-27 19:06:14+00:00,110.0,570.0,460.0,9.024421473573398,-1.9618307551246514,-3.1418272521825656,8.437635090412833,10.970860220680853,18.874452152856193,24.54111538269697,0.2553191489361702,11.80563532670504,426.2484244512425,764.2228565565124,24.876810478267167
970,2026-07-27 19:02:00+00:00,2026-07-27 19:06:14+00:00,1210.0,1500.0,290.0,7.716876106958665,-2.660991761020229,-3.649163387024686,5.882268631574951,7.988962206159472,13.158260181583195,17.870799494809127,0.23333333333333334,16.516861352871725,407.59534835859625,613.9352829368714,21.272417845203325
978,2026-07-27 19:14:13+00:00,2026-07-27 19:18:44+00:00,500.0,750.0,250.0,5.687297994636822,-2.2749191978547287,-2.877734223595411,11.279587530342749,14.11158830615206,25.23171870602798,31.566724020562052,0.0,0.0,656.3955539494748,926.2211531400305,15.67766252499581
982,2026-07-27 19:21:02+00:00,2026-07-27 19:24:19+00:00,140.0,540.0,400.0,5.087326982582823,-1.2718317456457058,-2.084817741996659,12.693993314111744,14.854529934387104,28.395654335432496,33.22863711163901,0.0,0.0,438.1132854292522,776.9212086495339,14.023776433457638
988,2026-07-27 19:25:15+00:00,2026-07-27 19:26:45+00:00,400.0,1390.0,990.0,26.257235985398722,-2.6522460591311843,-4.635195718394186,17.590377469934023,20.743496520520075,39.34855375343151,46.40188019085557,0.37,17.610732445312195,1265.4969027886846,2476.8307977246077,72.38095928970998
989,2026-07-27 19:27:09+00:00,2026-07-27 19:34:00+00:00,360.0,1780.0,1420.0,29.43610785231658,-2.072965341712435,-4.528159484828052,14.340220466014534,16.469550723196672,32.07815959648921,36.84133572654947,0.0,0.0,759.8230035879952,1587.3345075975426,81.14386926677442
989,2026-07-27 19:27:09+00:00,2026-07-27 19:34:00+00:00,4250.0,4600.0,350.0,5.333165360992183,-1.5237615317120523,-2.2738127260364536,15.465424986254769,16.245930698982274,34.59517042379825,36.34111197875419,0.0,0.0,633.427320618283,984.1830531414554,14.701456965764663
993,2026-07-27 19:39:56+00:00,2026-07-27 19:56:29+00:00,2630.0,3250.0,620.0,5.2072225592378345,-0.8398746063286829,-1.0607513904452333,14.666871328635777,16.266866263708227,32.80885676591754,36.38794350328433,0.0,0.0,333.0836470943401,440.3231357989745,14.354281779020608
993,2026-07-27 19:39:56+00:00,2026-07-27 19:56:29+00:00,5600.0,6720.0,1120.0,8.587536046336169,-0.7667442898514436,-0.9507772274758963,15.515486796123795,16.305524649398656,34.7071555031402,36.47441984922749,0.0,0.0,327.2225191371494,424.8467253944318,23.672487740690748
1047,2026-07-27 20:48:55+00:00,2026-07-27 20:58:20+00:00,1850.0,4010.0,2160.0,32.07076478510868,-1.4847576289402167,-2.811753893705742,10.544571768418473,15.07410453211518,23.58753527294755,33.7198114981102,0.0,0.0,455.09884493722376,1106.944120405822,88.40659091427844
1057,2026-07-27 21:17:28+00:00,2026-07-27 21:21:25+00:00,1360.0,1770.0,410.0,7.131216430962468,-1.7393210807225532,-2.988027599372259,10.274292194633858,11.894786218148251,22.98293708534775,26.607878977604358,0.47619047619047616,14.715606889437378,497.82835866433675,922.4553422317017,19.657982525755447
1124,2026-07-28 14:59:45+00:00,2026-07-28 15:01:41+00:00,520.0,800.0,280.0,13.970035267931195,-4.989298309975427,-6.586661944348862,10.733333577466249,13.572633305899153,24.009783414160363,30.361116020712135,0.4827586206896552,18.30688942164864,1486.8975509136599,2387.5716386815575,38.50993891993181
1138,2026-07-28 15:08:30+00:00,2026-07-28 15:12:47+00:00,90.0,460.0,370.0,5.472995795085481,-1.4791880527258057,-2.0801387823509856,8.235491274645659,9.02087002038387,18.422269315152242,20.179111534502212,0.0,0.0,321.33465636801213,468.20888861085996,15.086914938690589
1140,2026-07-28 15:12:49+00:00,2026-07-28 15:19:29+00:00,1350.0,1730.0,380.0,12.58741764208304,-3.312478326863958,-4.550013284051943,11.046055482279593,12.949856469822862,24.709322392357716,28.968003914242264,0.28205128205128205,4.442923422229114,942.0074804595331,1321.2939612981952,34.69860134634253
1156,2026-07-28 15:33:15+00:00,2026-07-28 15:40:05+00:00,2960.0,3470.0,510.0,5.1722878782374835,-1.0141740937720556,-1.7065885699558692,10.646776312157963,11.269555314688112,23.81616032605128,25.20927727874041,0.0,0.0,293.39592654112727,519.3363580839186,14.25798048802823
1176,2026-07-28 15:54:53+00:00,2026-07-28 16:01:29+00:00,2030.0,2520.0,490.0,7.027073376122786,-1.4340966073719972,-2.541161660128523,7.567353510595994,8.397501233659614,16.927687702657465,18.784675272144806,0.0,0.0,294.95393194508677,580.4750760755493,19.370900739353836
1193,2026-07-28 16:14:45+00:00,2026-07-28 16:16:40+00:00,50.0,400.0,350.0,7.85298570854745,-2.243710202442129,-3.4287588822878377,8.448489454691416,9.517227382739971,18.898732674238136,21.289431332184975,0.0,0.0,486.0352834490516,681.8934553589772,21.647618934038988
1209,2026-07-28 16:24:31+00:00,2026-07-28 16:25:51+00:00,110.0,920.0,810.0,18.778995453137668,-2.3183945003873663,-3.017127639534465,12.910725359310407,15.671227477635782,28.88047011298856,35.05553748576365,0.0,0.0,820.2272786901108,1148.4937123499728,51.76636665607383
1238,2026-07-28 17:28:16+00:00,2026-07-28 17:32:47+00:00,2460.0,2750.0,290.0,5.268881685682317,-1.8168557536835575,-2.390008421944117,9.638898145629021,12.207030397406264,21.561601077373435,27.306349314169346,0.4,22.35892183172474,473.3601339459788,771.3276054595923,14.524251943568732
1260,2026-07-28 17:55:50+00:00,2026-07-28 18:02:51+00:00,1090.0,1560.0,470.0,6.081340582832979,-1.2939022516665912,-2.289329216363342,8.930750727293521,9.768069655751868,19.977520417174127,21.850549516266703,0.0,0.0,304.2563153716437,552.8583535256413,16.76388426404322
1264,2026-07-28 18:06:12+00:00,2026-07-28 18:09:46+00:00,1570.0,1960.0,390.0,11.64175390883986,-2.985065104830733,-4.122358832541153,11.05066416709685,14.687896525038516,24.719631726684078,32.855888790798396,0.0,0.0,926.0749266121854,1524.2711594204297,32.091775242647046
1276,2026-07-28 18:17:54+00:00,2026-07-28 18:19:19+00:00,220.0,560.0,340.0,10.076949978755351,-2.9638088172809858,-4.7524937527788325,10.373292205167319,12.300394568105498,23.204393801823816,27.515199015984024,0.6285714285714286,35.67081773978255,849.6742367786159,1568.2194471418995,27.778221080936788
1278,2026-07-28 18:19:21+00:00,2026-07-28 18:21:38+00:00,270.0,640.0,370.0,9.87832701971314,-2.6698181134359835,-3.8141379566686453,14.52809372080534,15.893634900635135,32.498420098437144,35.5530487218932,0.23684210526315788,9.741244647769307,991.1649332628712,1659.386391396381,27.23069504581144
1280,2026-07-28 18:21:40+00:00,2026-07-28 18:26:02+00:00,820.0,1220.0,400.0,14.186128256154547,-3.546532064038636,-5.304468434888776,13.994865929554743,17.98032405441189,31.305623500256672,40.22083942021271,0.12195121951219512,1.7578498647159377,1314.5457275530873,2050.935475371107,39.10562301219819
1280,2026-07-28 18:21:40+00:00,2026-07-28 18:26:02+00:00,1540.0,1890.0,350.0,9.881661792847297,-2.8233319408135134,-3.8024251698590206,12.0990318155856,14.775778845774294,27.064763367004293,33.05247594348223,0.4166666666666667,5.255712548331112,902.1392615279668,1260.894623106591,27.23988771478079
1286,2026-07-28 18:28:09+00:00,2026-07-28 18:37:30+00:00,1550.0,2260.0,710.0,19.891420061414692,-2.801608459354182,-6.259753058423684,9.959364681751396,12.969374830777843,22.27846430241454,29.01166524422388,0.3055555555555556,16.34406405452937,669.1984584596721,1383.4082573260632,54.832887455496355
1286,2026-07-28 18:28:09+00:00,2026-07-28 18:37:30+00:00,2690.0,3370.0,680.0,19.796705936571442,-2.911280284789918,-4.726783961860974,13.63078044874005,15.98133321952379,30.491187474812207,35.74922427416739,0.42028985507246375,9.178338701250176,1050.444773034232,1693.4185503045094,54.5717975518122
1290,2026-07-28 18:42:17+00:00,2026-07-28 18:45:29+00:00,540.0,1080.0,540.0,9.678691640404935,-1.7923503037786916,-2.2766442657518837,11.618613882525302,13.546861435941544,25.990099057187955,30.303465989489855,0.0,0.0,563.2422064635507,762.0478262004978,26.680378162856652
1296,2026-07-28 18:45:58+00:00,2026-07-28 18:49:39+00:00,1190.0,1760.0,570.0,7.33213648633955,-1.2863397344455352,-2.356473901869009,12.110403512321646,13.322823166909762,27.090201128135394,29.802306654683612,0.0,0.0,411.3628861679723,738.2739226911641,20.211840759608467
1298,2026-07-28 18:49:41+00:00,2026-07-28 18:52:09+00:00,890.0,1840.0,950.0,22.611448360971195,-2.3801524590495995,-3.3510550115167064,16.07329421253523,19.049630328041545,35.95493515688804,42.61280943101634,0.0,0.0,1056.2388424362443,1647.8391267016236,62.330944666336805
1302,2026-07-28 18:52:15+00:00,2026-07-28 18:53:34+00:00,50.0,1050.0,1000.0,16.009921147312355,-1.6009921147312354,-2.1795567349959697,18.71927563158457,19.42638410797005,41.873827021261114,43.45558363450709,0.13861386138613863,0.0,819.1902044477017,1166.998949080111,44.13310873389271
1304,2026-07-28 18:53:36+00:00,2026-07-28 18:54:15+00:00,50.0,500.0,450.0,6.013545187628523,-1.3363433750285607,-1.6883452189591424,16.537468552783128,17.064118879162834,36.99326358442897,38.171346812730036,0.391304347826087,11.06934710563934,594.7646270994944,766.0021350185489,16.576998799668665
1321,2026-07-28 19:48:57+00:00,2026-07-28 20:01:40+00:00,600.0,1130.0,530.0,16.471330488613972,-3.1077982053988626,-4.695727840178165,10.920219939537398,15.743292868406336,24.42783629996734,35.216743173779385,0.14814814814814814,2.1863482696772842,924.8565385562123,1770.2301563571502,45.405034338218165
1321,2026-07-28 19:48:57+00:00,2026-07-28 20:01:40+00:00,1520.0,1770.0,250.0,7.363136545019103,-2.9452546180076413,-4.1075657273029265,12.358746355874226,14.098293911846126,27.64572824775015,31.536985307458227,0.0,0.0,923.1817980912741,1381.8765873657928,20.297295831365112
1321,2026-07-28 19:48:57+00:00,2026-07-28 20:01:40+00:00,2450.0,2790.0,340.0,15.36342829078751,-4.518655379643385,-6.398535140456119,15.563100923132119,18.076522353405924,34.813665271859605,40.43602888646637,0.0,0.0,1835.872694650351,2737.404407217208,42.35098006066776
1323,2026-07-28 20:01:42+00:00,2026-07-28 20:11:23+00:00,1350.0,1690.0,340.0,11.695834065690775,-3.4399511957914046,-5.5968768722536595,13.680221848510774,15.221006593623189,30.601784736289314,34.04842205087507,0.0,0.0,1217.5156365022701,2071.206430302018,32.24085314382385
1323,2026-07-28 20:01:42+00:00,2026-07-28 20:11:23+00:00,2080.0,3310.0,1230.0,58.04942551676356,-4.719465489167769,-7.193227279432875,14.998183773401099,17.38027529546236,33.549981597622356,38.878568574316304,0.8064516129032258,36.955781463002,1920.9838258671148,2906.9134180761666,160.01962687376562
1327,2026-07-28 20:12:20+00:00,2026-07-28 20:16:59+00:00,770.0,980.0,210.0,8.853676775729667,-4.21603655987127,-6.075948179522811,7.83738839585069,12.916463418536242,17.531738537604443,28.89330578591679,0.7727272727272727,58.208896223880146,693.5359592158403,1161.1822726577923,24.40613393674416
1327,2026-07-28 20:12:20+00:00,2026-07-28 20:16:59+00:00,1590.0,2320.0,730.0,23.752267682491265,-3.253735298971406,-6.101555628445368,16.538976130752523,19.65736763075994,36.996635940301815,43.97227905950237,0.32432432432432434,3.7330907820719395,1480.339504733886,3008.9134601704595,65.47573861623225
1327,2026-07-28 20:12:20+00:00,2026-07-28 20:16:59+00:00,2410.0,3130.0,720.0,18.50637122417325,-2.570329336690729,-4.282815759096167,19.17537279598861,20.40302792775431,42.89408732101962,45.640273639393136,0.3561643835616438,9.128438159423913,1340.9364878461336,2404.6359167275955,51.01484798026823
1329,2026-07-28 20:17:01+00:00,2026-07-28 20:23:14+00:00,300.0,540.0,240.0,5.458499214487688,-2.2743746727032033,-3.034075115427555,15.357980230424982,15.806257022550433,34.35482335009167,35.35758997528282,0.0,0.0,881.1360703478641,1285.013760145576,15.046953519648905
1329,2026-07-28 20:17:01+00:00,2026-07-28 20:23:14+00:00,950.0,1260.0,310.0,8.04115126843098,-2.5939197640099936,-3.667479530792889,13.962885687594312,16.484262119014808,31.234085736386703,36.87424418176183,0.0,0.0,939.072209149158,1505.1851817795741,22.166317998069523
1329,2026-07-28 20:17:01+00:00,2026-07-28 20:23:14+00:00,1430.0,3030.0,1600.0,41.10541110753948,-2.5690881942212176,-5.795975536924232,17.64192767864622,20.006937222783197,39.4638682861628,44.754243966497846,0.40372670807453415,14.845724348286167,1257.0162064727085,3169.885150873374,113.31158731315442
1329,2026-07-28 20:17:01+00:00,2026-07-28 20:23:14+00:00,3790.0,4100.0,310.0,7.78759209994098,-2.512126483851929,-3.458352556225776,14.418535543164959,16.180545441842984,32.253345434782034,36.19484932409401,0.0,0.0,937.8969208676708,1387.6853234247924,21.467354258618307
1333,2026-07-28 20:25:38+00:00,2026-07-28 20:27:07+00:00,450.0,990.0,540.0,11.950867892971786,-2.2131236838836643,-3.9839704969817546,13.989594029966955,16.215635136781376,31.293830596740683,36.27334273617881,0.0,0.0,802.2073410678541,1416.4549150153457,32.94388194244495
1335,2026-07-28 20:27:09+00:00,2026-07-28 20:30:31+00:00,350.0,560.0,210.0,7.474192261156304,-3.5591391719791927,-4.7576981634635445,16.115712078017538,17.601659592623598,36.049821219616895,39.373791143127235,0.0,0.0,1438.3660902068448,2131.656806093461,20.603433129026083
1337,2026-07-28 20:30:33+00:00,2026-07-28 20:46:50+00:00,300.0,1360.0,1060.0,34.857114271554025,-3.2884070067503797,-6.044003503373062,18.106672971286716,21.211651658621484,40.503473897831775,47.44911340958635,0.1588785046728972,3.977610627860946,1570.5475952852094,2898.1191389643504,96.08746977210853
1337,2026-07-28 20:30:33+00:00,2026-07-28 20:46:50+00:00,2700.0,3340.0,640.0,26.31427228884243,-4.11160504513163,-6.11456452097508,15.431281118284884,18.62914960742384,34.5187927663853,41.67222084695741,0.5230769230769231,23.622627358740214,1776.6931269147567,3062.721583019545,72.53818613414595
1337,2026-07-28 20:30:33+00:00,2026-07-28 20:46:50+00:00,5640.0,6050.0,410.0,6.068967697121195,-1.4802360236880963,-2.4085246220783176,13.508472558035614,14.503430133543757,30.217592515290832,32.443249224999455,0.0,0.0,530.1745173688671,924.5996692203191,16.72977704356126
1337,2026-07-28 20:30:33+00:00,2026-07-28 20:46:50+00:00,7320.0,7770.0,450.0,11.194388433484562,-2.4876418741076805,-4.066251215818596,9.308499589986033,12.852577081539847,20.82252055741328,28.75039612012314,0.13043478260869565,8.426392694687813,583.900149390183,933.4119036390862,30.858563099627883
1337,2026-07-28 20:30:33+00:00,2026-07-28 20:46:50+00:00,8060.0,8630.0,570.0,20.244783070543292,-3.5517163281654898,-5.379628897663764,13.36262394796113,15.41322236503423,29.891338466269527,34.47839648584966,0.5344827586206896,17.831655276852448,1256.0741245897743,2015.0064999341528,55.806971460090345
1337,2026-07-28 20:30:33+00:00,2026-07-28 20:46:50+00:00,9680.0,10000.0,320.0,6.477704476806707,-2.024282649002096,-3.871605934097346,7.992132976299171,12.857375717602553,17.87789230560838,28.761130363284163,0.21212121212121213,14.999987444154641,447.2379100261603,1081.31727611214,17.85650493781014
1339,2026-07-28 20:46:52+00:00,2026-07-28 20:54:28+00:00,2290.0,2660.0,370.0,7.0869284724652175,-1.915386073639248,-3.0997148916018773,11.836285183768242,14.338674952452358,26.47701589067699,32.07470238111211,0.0,0.0,594.8641626326944,1115.4853456270484,19.535897896482343
1339,2026-07-28 20:46:52+00:00,2026-07-28 20:54:28+00:00,3230.0,3440.0,210.0,5.652413334515785,-2.691625397388469,-3.665433844594105,12.922364949672827,14.956296235966175,28.90650713509491,33.45628184494939,0.0,0.0,869.9817645517759,1336.662553630524,15.581499122059558
1339,2026-07-28 20:46:52+00:00,2026-07-28 20:54:28+00:00,3970.0,5240.0,1270.0,40.21566500619235,-3.1665877957631774,-5.876862435799069,19.118641545159427,22.900214784095592,42.767183127146176,51.2263215463842,0.0,0.0,1605.7223410926126,3471.0680438559843,110.85890431271991
1339,2026-07-28 20:46:52+00:00,2026-07-28 20:54:28+00:00,5730.0,6050.0,320.0,14.66205349504699,-4.5818917172021845,-6.212936356768864,15.678760438525421,19.19279218501554,35.07238823936431,42.933053384519376,0.0,0.0,1867.8994250926648,2814.4159257545425,40.41756328498148
1351,2026-07-28 20:56:58+00:00,2026-07-28 21:03:13+00:00,1490.0,2120.0,630.0,13.524243584458986,-2.146705330866506,-3.3442113556545223,12.796547345937359,15.612895889226104,28.625061171119718,34.92505343867686,0.0,0.0,741.5733142657245,1348.9623491685463,37.28106510735549
1351,2026-07-28 20:56:58+00:00,2026-07-28 21:03:13+00:00,2370.0,2590.0,220.0,6.413916476114309,-2.915416580051959,-4.243279549870181,12.851653194258965,14.68913069298151,28.748329443134764,32.85864954586057,0.0,0.0,938.7939060948484,1504.960599246942,17.680666297221464
1351,2026-07-28 20:56:58+00:00,2026-07-28 21:03:13+00:00,3630.0,3850.0,220.0,8.05375054212601,-3.6607957009663683,-5.04619677803322,12.393014580789025,15.137774943590202,27.722384083726343,33.8622381522687,0.0,0.0,1143.336947777784,1818.8710031945227,22.201049281929983
1353,2026-07-28 21:03:15+00:00,2026-07-28 21:05:44+00:00,840.0,1200.0,360.0,12.702251647005681,-3.528403235279356,-4.303025905683285,14.495497426733642,17.345919629616503,32.425504265241685,38.801717138548014,0.0,0.0,1318.5242935259369,1768.0327268960214,35.01515391265234
1355,2026-07-28 21:05:46+00:00,2026-07-28 21:07:03+00:00,400.0,690.0,290.0,6.640988570324566,-2.289996058732609,-2.5679653179373076,12.796825062717685,14.94548959643074,28.625682405864545,33.432108080777425,0.0,0.0,771.1427842207486,944.3810853376469,18.306615502842405
1361,2026-07-28 21:09:45+00:00,2026-07-28 21:13:39+00:00,650.0,1130.0,480.0,16.6501941626679,-3.468790450555813,-4.927648619748425,16.294788295956966,18.93523381290619,36.45040331056945,42.35691171462552,0.0,0.0,1513.2427556352013,2188.1216111871586,45.898091730751965
1361,2026-07-28 21:09:45+00:00,2026-07-28 21:13:39+00:00,2120.0,2340.0,220.0,7.296222716861678,-3.3164648713007625,-4.765471541100339,12.372813049909734,14.380617906441806,27.6771945461474,32.168526097087074,0.0,0.0,1042.5893532603127,1685.005349030718,20.11284050352807
1365,2026-07-28 21:13:56+00:00,2026-07-28 21:17:42+00:00,50.0,310.0,260.0,7.6758788908505835,-2.952261111865609,-3.622982423540236,17.14208780857429,17.783303875531395,38.345758340583146,39.78011783180788,0.0,0.0,1300.9250137093284,1663.1220211113987,21.159404509307628
1367,2026-07-28 21:17:44+00:00,2026-07-28 21:19:15+00:00,220.0,500.0,280.0,6.197075880038824,-2.213241385728151,-3.1640434991082884,11.369612281737417,12.878543013450145,25.43309833960589,28.808480255570295,0.0,0.0,663.721426727335,1047.035473559318,17.082921341673824
1369,2026-07-28 21:19:17+00:00,2026-07-28 21:20:22+00:00,100.0,690.0,590.0,6.247613643254056,-1.0589175666532298,-1.5692218527932482,11.679889147620909,12.240405173348838,26.12716792148557,27.381006561714475,0.05,0.6319803087484025,330.30053239516496,514.227977526842,17.22223424513056
1387,2026-07-28 21:24:40+00:00,2026-07-28 21:30:58+00:00,140.0,410.0,270.0,7.068035668624361,-2.617790988379393,-3.848537762583703,8.433633453503806,11.448168368469315,18.865500746026765,25.608823300978244,0.0,0.0,597.4967881274523,1067.663654455257,19.4838178044866
1387,2026-07-28 21:24:40+00:00,2026-07-28 21:30:58+00:00,1190.0,1440.0,250.0,5.504505651766124,-2.2018022607064496,-2.930162082681818,11.58396780155603,11.865834482363999,25.912597981290332,26.543115789110594,0.0,0.0,653.6361436631584,942.0045648341445,15.173775324715017
1387,2026-07-28 21:24:40+00:00,2026-07-28 21:30:58+00:00,3040.0,3290.0,250.0,6.357041356436639,-2.5428165425746556,-3.944582006769906,11.769057095105147,13.371175039208005,26.32663093930106,29.910466712616333,0.0,0.0,788.4155934298425,1348.9150138394325,17.523883773566805
1389,2026-07-28 21:31:00+00:00,2026-07-28 21:34:45+00:00,470.0,840.0,370.0,15.373301790046071,-4.154946429742181,-5.773981038404997,12.482524088661988,15.94243868826036,27.922611150371303,35.66221968562178,0.0,0.0,1376.9764750997417,2285.898782067976,42.3781974474589
1389,2026-07-28 21:31:00+00:00,2026-07-28 21:34:45+00:00,990.0,1480.0,490.0,14.014123598862227,-2.860025224257597,-3.7751774820941932,13.621506868664614,14.725114792549302,30.470443066984195,32.939143684120666,0.0,0.0,1021.6036961270853,1339.0404000567758,38.63147325385961
1389,2026-07-28 21:31:00+00:00,2026-07-28 21:34:45+00:00,1930.0,2320.0,390.0,7.625495488887452,-1.9552552535608854,-3.1777873928346025,11.354793205841654,12.482178863874292,25.39994901091995,27.921838904514793,0.0,0.0,570.7479155096304,1024.5529887907733,21.02051711962204
1391,2026-07-28 21:34:47+00:00,2026-07-28 21:38:01+00:00,120.0,520.0,400.0,6.785045101322623,-1.6962612753306558,-2.3535934084272867,11.540227215206198,11.78713497338876,25.814753076248653,26.367070001317018,0.0,0.0,516.6538772596741,756.8256038965491,18.703723176756956
1391,2026-07-28 21:34:47+00:00,2026-07-28 21:38:01+00:00,1120.0,1580.0,460.0,16.73561430378959,-3.6381770225629544,-6.1070984718496675,12.77706153944225,16.86155577360235,28.581472663390862,37.71822605047054,0.0,0.0,1286.2505687247203,2407.0783218579854,46.133561745969416
1395,2026-07-28 21:38:43+00:00,2026-07-28 21:41:54+00:00,150.0,670.0,520.0,20.588034207426233,-3.9592373475819675,-5.656521719888133,12.129555906025997,16.512578945596616,27.13304381269237,36.937587118818485,0.0,0.0,1285.047725264451,2248.6899998178797,56.75318097653323
1397,2026-07-28 21:41:56+00:00,2026-07-28 21:47:15+00:00,1740.0,1970.0,230.0,5.224286657998505,-2.2714289817384805,-3.113741015466303,11.479760508908237,12.60380879073255,25.67949290646975,28.19391730210395,0.0,0.0,667.366119728591,997.7286621556176,14.401320844305259
1399,2026-07-28 21:47:17+00:00,2026-07-28 21:52:00+00:00,780.0,2000.0,1220.0,28.6651093382892,-2.3495991260892786,-5.231156045979276,15.335834391598606,19.504138270604365,34.30528451950297,43.62951474276209,0.0,0.0,1039.3934598424598,2264.3584219452755,79.01852705302139
1405,2026-07-28 21:52:51+00:00,2026-07-28 21:58:24+00:00,70.0,570.0,500.0,20.862665959192782,-4.172533191838557,-6.245629984957759,12.772246090828196,18.52517584665892,28.57070081162356,41.43963816808098,0.0,0.0,1502.677353845528,2726.1756173615163,57.51023360977042
1405,2026-07-28 21:52:51+00:00,2026-07-28 21:58:24+00:00,1440.0,2420.0,980.0,32.225366562755426,-3.288302710485248,-6.190443288249071,16.201227196423,21.56085026241351,36.24111309149741,48.230248439543466,0.030303030303030304,0.0,1481.015072349842,3396.670150746677,88.83276772055724
1407,2026-07-28 21:58:26+00:00,2026-07-28 22:05:20+00:00,2620.0,3070.0,450.0,7.3426268631653215,-1.6316948584811826,-2.5919449730154156,12.065945056780377,14.42425695564161,26.99075039544644,32.26614386999287,0.0,0.0,526.7860714413948,939.6760371538759,20.240758637270158
1407,2026-07-28 21:58:26+00:00,2026-07-28 22:05:20+00:00,3650.0,4140.0,490.0,5.763190290169575,-1.1761612837080766,-1.7084803376487798,13.178865175368554,14.301901129672911,29.480281798873822,31.99244168233919,0.0,0.0,405.46127147717476,585.2256209543687,15.886867985784354
1409,2026-07-28 22:05:22+00:00,2026-07-28 22:07:43+00:00,80.0,390.0,310.0,8.177172052884202,-2.637797436414259,-4.30300453826959,12.03995825080868,12.510035026629048,26.932619566053777,27.984151365938278,0.0,0.0,833.3530765394528,1450.079600482458,22.541274252701122
1409,2026-07-28 22:05:22+00:00,2026-07-28 22:07:43+00:00,690.0,1010.0,320.0,5.505289146811492,-1.720402858378591,-2.602867469643229,11.406377047497841,12.086770109898868,25.515338778404264,27.037334712551154,0.0,0.0,522.6325863004647,845.9162819788294,15.175935114992027
1415,2026-07-28 22:08:33+00:00,2026-07-28 22:16:01+00:00,540.0,830.0,290.0,5.507804354245138,-1.8992428807741855,-2.462247371841272,8.456038704608702,9.547480458645365,18.9156198653559,21.35710553562403,0.0,0.0,421.440236815403,626.7315352275662,15.18286856095569
1415,2026-07-28 22:08:33+00:00,2026-07-28 22:16:01+00:00,2110.0,2380.0,270.0,8.920979019111542,-3.3040663033746447,-4.391360882264792,10.240984202586414,12.247415833266391,22.908429229121364,27.3966889613153,0.0,0.0,854.1103824999734,1312.1708086269305,24.59165997387307
1415,2026-07-28 22:08:33+00:00,2026-07-28 22:16:01+00:00,2620.0,2860.0,240.0,7.839375430027189,-3.2664064291779953,-4.099124164860427,11.034326820400135,12.438678970358065,24.68308612294232,27.82453241400784,0.0,0.0,890.2376004824168,1244.3968390979119,21.61010070416725
1415,2026-07-28 22:08:33+00:00,2026-07-28 22:16:01+00:00,3270.0,3640.0,370.0,15.948315832464857,-4.310355630395907,-5.4897066723625585,9.418649771151559,11.39927454437104,21.068919495238813,25.499450931395494,0.0,0.0,1084.2552664899624,1503.3146266707638,43.96328690693095
1417,2026-07-28 22:16:03+00:00,2026-07-28 22:24:29+00:00,3350.0,3570.0,220.0,5.32851054872782,-2.422050249421736,-3.278299458742083,9.88171901461211,11.40893537064011,22.104775891669895,25.521061584288006,0.0,0.0,608.4612773895668,917.9541835180954,14.688625463728597
1421,2026-07-28 22:26:55+00:00,2026-07-28 22:37:32+00:00,460.0,1020.0,560.0,13.709672166413384,-2.44815574400239,-6.0307346404094915,10.558993212930451,12.947458334085233,23.619795125560245,28.96263943737749,0.0,0.0,641.5147487492619,1325.1567278218083,37.7922193906568
1423,2026-07-28 22:37:34+00:00,2026-07-28 22:49:06+00:00,1650.0,1900.0,250.0,9.73449980748461,-3.8937999229938445,-5.838192903663867,9.648432384998426,12.336785555846545,21.582928563435992,27.59660333716568,0.0,0.0,965.1646237938421,1625.40652744185,26.834219514310153
1423,2026-07-28 22:37:34+00:00,2026-07-28 22:49:06+00:00,2900.0,3400.0,500.0,7.98434520564291,-1.5968690411285817,-1.9924808045230407,9.479466295331775,10.790976822993157,21.204962185334143,24.138727682071305,0.0,0.0,402.742060262934,528.2280822355059,22.009725837327302
1423,2026-07-28 22:37:34+00:00,2026-07-28 22:49:06+00:00,4470.0,4670.0,200.0,5.168143954268203,-2.5840719771341014,-3.543705538002996,8.540620367411147,11.106757749181977,19.104823656521,24.84510949620163,0.09523809523809523,0.0,560.6397257296327,902.099558590733,14.246557305775271
1429,2026-07-28 22:53:59+00:00,2026-07-28 23:01:58+00:00,2760.0,3300.0,540.0,27.256133153074472,-5.047432065384162,-6.692034223686221,16.621672710045544,21.868008319430285,37.18162291975113,48.917341444681206,0.0,0.0,2290.8931661305287,3569.3131892756223,75.13452921109662
1431,2026-07-28 23:02:00+00:00,2026-07-28 23:02:41+00:00,380.0,620.0,240.0,11.217724963161459,-4.674052067983941,-7.002029725253067,18.798736144556727,20.21169972992203,42.0515751265138,45.21228464996875,0.0,0.0,2194.694696659183,3592.865640048104,30.92289281070051
1433,2026-07-28 23:02:43+00:00,2026-07-28 23:07:13+00:00,1220.0,1560.0,340.0,9.791561303603487,-2.8798709716480846,-3.8238981236352174,11.108539055228533,12.713185309586231,24.84909416434443,28.438585606626322,0.0,0.0,832.4445295996928,1249.0044793511113,26.991515805126408
1433,2026-07-28 23:02:43+00:00,2026-07-28 23:07:13+00:00,2050.0,2510.0,460.0,11.24916931299424,-2.4454715897813566,-3.8293128824752216,13.037946468054344,15.084252588991356,29.165055628253274,33.74251205483034,0.0,0.0,828.8171791279595,1436.1246062505263,31.009572619893053
1441,2026-07-28 23:13:31+00:00,2026-07-28 23:20:34+00:00,1280.0,1690.0,410.0,17.26198489454407,-4.210240218181481,-7.9623339156038355,14.539583781303687,17.80554504827574,32.524122631763795,39.829869918297554,0.47619047619047616,24.761983725565116,1631.329709380058,3373.4301466720844,47.58456018014913
1441,2026-07-28 23:13:31+00:00,2026-07-28 23:20:34+00:00,1960.0,2400.0,440.0,14.027441621425794,-3.188054913960408,-7.083486094289128,13.012292191907736,13.760094937363098,29.107668646894542,30.780455747501563,0.5333333333333333,16.512677848151494,1081.5800346607934,2543.33828249555,38.668185848038554
1441,2026-07-28 23:13:31+00:00,2026-07-28 23:20:34+00:00,3480.0,3840.0,360.0,12.071227241749398,-3.3531186782637215,-4.107544513595087,10.433347723179269,12.081905038503077,23.338734169602873,27.026451857782476,0.13513513513513514,0.3717343199481292,888.797439876341,1175.3919361111934,33.27566572687881
1445,2026-07-28 23:23:34+00:00,2026-07-28 23:24:52+00:00,150.0,700.0,550.0,22.71608768942326,-4.13019776171332,-5.386467957510206,9.727013715753325,11.043504695647846,21.758709994079556,24.70361644516787,0.6428571428571429,28.55016978360884,1084.237884373726,1478.4674479251744,62.61939448554106
